foundation_slug,program_slug,award_year,recipient_name,recipient_type,project_title,project_description,amount,currency,source_url,discipline,confidence,needs_review,review_reason,scan_metadata
karjalan-kulttuurirahasto,general,2024,Aitomäen nuorisoseura ry,organization,Tanssia juuriltamme,,2500,EUR,https://www.karjalankulttuurirahasto.fi/wp-content/uploads/2024/12/Myonnetyt-apurahat-2024.pdf#page=2,,0.95,False,,"{""source_quote"": ""| 2024130 | Aitomäen nuorisoseura ry | Tanssia juuriltamme | 2 500 € |"", ""extractor"": ""grantscrape/0.1"", ""foundation"": ""Karjalan Kulttuurirahasto"", ""recipient_raw"": ""Aitomäen nuorisoseura ry"", ""amount_raw"": ""2 500 €"", ""agent_confidence"": 0.95, ""rule_score"": 1.0, ""chunk_id"": ""001"", ""run_id"": ""karjalan-kulttuurirahasto""}"
karjalan-kulttuurirahasto,general,2024,"Apo-Syrjänen Susanna, Hietala Aki, Penttilä Saija",group,Lasten ja nuorten kansanmusiikkileiri ja nuottikirja,,1000,EUR,https://www.karjalankulttuurirahasto.fi/wp-content/uploads/2024/12/Myonnetyt-apurahat-2024.pdf#page=1,,0.85,False,,"{""source_quote"": ""| 2024063 | Apo-Syrjänen Susanna; Hietala Aki; Penttilä Saija | Lasten ja nuorten kansanmusiikkileiri ja nuottikirja | 1 000 € |"", ""extractor"": ""grantscrape/0.1"", ""foundation"": ""Karjalan Kulttuurirahasto"", ""recipient_raw"": ""Apo-Syrjänen Susanna; Hietala Aki; Penttilä Saija"", ""amount_raw"": ""1 000 €"", ""agent_confidence"": 0.85, ""rule_score"": 1.0, ""notes"": ""The ';' in the Hakija cell marks line breaks between three named recipients, joined with commas per convention"", ""chunk_id"": ""000"", ""run_id"": ""karjalan-kulttuurirahasto""}"
karjalan-kulttuurirahasto,general,2024,Asemäentien nuorisoseura ry,organization,Siruna kiertue,,4000,EUR,https://www.karjalankulttuurirahasto.fi/wp-content/uploads/2024/12/Myonnetyt-apurahat-2024.pdf#page=2,,0.95,False,,"{""source_quote"": ""| 2024097 | Asemäentien nuorisoseura ry | Siruna kiertue | 4 000 € |"", ""extractor"": ""grantscrape/0.1"", ""foundation"": ""Karjalan Kulttuurirahasto"", ""recipient_raw"": ""Asemäentien nuorisoseura ry"", ""amount_raw"": ""4 000 €"", ""agent_confidence"": 0.95, ""rule_score"": 1.0, ""chunk_id"": ""001"", ""run_id"": ""karjalan-kulttuurirahasto""}"
karjalan-kulttuurirahasto,general,2024,Etelä-Karjalan Estradi ry,organization,Taidekoulu Estradin 20-vuotisjuhlaviikko,,6000,EUR,https://www.karjalankulttuurirahasto.fi/wp-content/uploads/2024/12/Myonnetyt-apurahat-2024.pdf#page=3,,0.95,False,,"{""source_quote"": ""| 2024136 | Etelä-Karjalan Estradi ry | Taidekoulu Estradin 20-vuotisjuhlaviikko | 6 000 € |"", ""extractor"": ""grantscrape/0.1"", ""foundation"": ""Karjalan Kulttuurirahasto"", ""recipient_raw"": ""Etelä-Karjalan Estradi ry"", ""amount_raw"": ""6 000 €"", ""agent_confidence"": 0.95, ""rule_score"": 1.0, ""chunk_id"": ""002"", ""run_id"": ""karjalan-kulttuurirahasto""}"
karjalan-kulttuurirahasto,general,2024,Etelä-Karjalan klassinen kuoro ry.,organization,Yhteistyökonsertti Rakuunasoittokunnan kanssa: Mozart Requiem,,3000,EUR,https://www.karjalankulttuurirahasto.fi/wp-content/uploads/2024/12/Myonnetyt-apurahat-2024.pdf#page=1,,0.9,False,,"{""source_quote"": ""| 2024045 | Etelä-Karjalan klassinen kuoro ry. | Yhteistyökonsertti Rakuunasoittokunnan kanssa: Mozart Requiem | 3 000 € |"", ""extractor"": ""grantscrape/0.1"", ""foundation"": ""Karjalan Kulttuurirahasto"", ""recipient_raw"": ""Etelä-Karjalan klassinen kuoro ry."", ""amount_raw"": ""3 000 €"", ""agent_confidence"": 0.9, ""rule_score"": 1.0, ""chunk_id"": ""000"", ""run_id"": ""karjalan-kulttuurirahasto""}"
karjalan-kulttuurirahasto,general,2024,Hauhia Kantri ry,organization,Suomen Paras Kantribiisi 2025 -kilpailu,,1500,EUR,https://www.karjalankulttuurirahasto.fi/wp-content/uploads/2024/12/Myonnetyt-apurahat-2024.pdf#page=2,,0.95,False,,"{""source_quote"": ""| 2024127 | Hauhia Kantri ry | Suomen Paras Kantribiisi 2025 -kilpailu | 1 500 € |"", ""extractor"": ""grantscrape/0.1"", ""foundation"": ""Karjalan Kulttuurirahasto"", ""recipient_raw"": ""Hauhia Kantri ry"", ""amount_raw"": ""1 500 €"", ""agent_confidence"": 0.95, ""rule_score"": 1.0, ""chunk_id"": ""001"", ""run_id"": ""karjalan-kulttuurirahasto""}"
karjalan-kulttuurirahasto,general,2024,"Hirvonen Pirjo, Marttila Katri, Laakso Sari, Roiha Leena, Leppänen Jari",group,Vaskela voimavarana vastakin!,,1550,EUR,https://www.karjalankulttuurirahasto.fi/wp-content/uploads/2024/12/Myonnetyt-apurahat-2024.pdf#page=3,,0.85,False,,"{""source_quote"": ""| 2024134 | Hirvonen Pirjo; Marttila Katri; Laakso Sari; Roiha Leena; Leppänen Jari | Vaskela voimavarana vastakin! | 1 550 € |"", ""extractor"": ""grantscrape/0.1"", ""foundation"": ""Karjalan Kulttuurirahasto"", ""recipient_raw"": ""Hirvonen Pirjo; Marttila Katri; Laakso Sari; Roiha Leena; Leppänen Jari"", ""amount_raw"": ""1 550 €"", ""agent_confidence"": 0.85, ""rule_score"": 1.0, ""notes"": ""Converted the semicolon-separated names (line breaks in the PDF) into comma-separated form per group-recipient convention."", ""chunk_id"": ""002"", ""run_id"": ""karjalan-kulttuurirahasto""}"
karjalan-kulttuurirahasto,general,2024,Huttunen Anu,individual,"Ellen Favorin, Etelä-Karjalan varhainen valokuvaaja",,5000,EUR,https://www.karjalankulttuurirahasto.fi/wp-content/uploads/2024/12/Myonnetyt-apurahat-2024.pdf#page=1,,0.9,False,,"{""source_quote"": ""| 2024021 | Huttunen Anu | Ellen Favorin, Etelä-Karjalan varhainen valokuvaaja | 5 000 € |"", ""extractor"": ""grantscrape/0.1"", ""foundation"": ""Karjalan Kulttuurirahasto"", ""recipient_raw"": ""Huttunen Anu"", ""amount_raw"": ""5 000 €"", ""agent_confidence"": 0.9, ""rule_score"": 1.0, ""chunk_id"": ""000"", ""run_id"": ""karjalan-kulttuurirahasto""}"
karjalan-kulttuurirahasto,general,2024,Hyppy ry,organization,Hyppy! 2025,,5000,EUR,https://www.karjalankulttuurirahasto.fi/wp-content/uploads/2024/12/Myonnetyt-apurahat-2024.pdf#page=3,,0.95,False,,"{""source_quote"": ""| 2024145 | Hyppy ry | Hyppy! 2025 | 5 000 € |"", ""extractor"": ""grantscrape/0.1"", ""foundation"": ""Karjalan Kulttuurirahasto"", ""recipient_raw"": ""Hyppy ry"", ""amount_raw"": ""5 000 €"", ""agent_confidence"": 0.95, ""rule_score"": 1.0, ""chunk_id"": ""002"", ""run_id"": ""karjalan-kulttuurirahasto""}"
karjalan-kulttuurirahasto,general,2024,Hänninen Mikko,individual,Haittaeläimestä suojelluksi lajiksi - Saimaannorppapolitiikka 1934-1955,,14000,EUR,https://www.karjalankulttuurirahasto.fi/wp-content/uploads/2024/12/Myonnetyt-apurahat-2024.pdf#page=1,,0.9,False,,"{""source_quote"": ""| 2024010 | Hänninen Mikko | Haittaeläimestä suojelluksi lajiksi - Saimaannorppapolitiikka 1934-1955 | 14 000 € |"", ""extractor"": ""grantscrape/0.1"", ""foundation"": ""Karjalan Kulttuurirahasto"", ""recipient_raw"": ""Hänninen Mikko"", ""amount_raw"": ""14 000 €"", ""agent_confidence"": 0.9, ""rule_score"": 1.0, ""chunk_id"": ""000"", ""run_id"": ""karjalan-kulttuurirahasto""}"
karjalan-kulttuurirahasto,general,2024,Kaakon taide,organization,Kaakon taidetta 10 vuotta.,,1700,EUR,https://www.karjalankulttuurirahasto.fi/wp-content/uploads/2024/12/Myonnetyt-apurahat-2024.pdf#page=2,,0.85,False,,"{""source_quote"": ""| 2024126 | Kaakon taide | Kaakon taidetta 10 vuotta. | 1 700 € |"", ""extractor"": ""grantscrape/0.1"", ""foundation"": ""Karjalan Kulttuurirahasto"", ""recipient_raw"": ""Kaakon taide"", ""amount_raw"": ""1 700 €"", ""agent_confidence"": 0.85, ""rule_score"": 1.0, ""notes"": ""Unclear whether 'Kaakon taide' is an organization or informal group name."", ""chunk_id"": ""001"", ""run_id"": ""karjalan-kulttuurirahasto""}"
karjalan-kulttuurirahasto,general,2024,Kangaskosken-Ritakosken kyläyhdistys ry,organization,Elämää varrella Hiitolanjoen virran.,,5000,EUR,https://www.karjalankulttuurirahasto.fi/wp-content/uploads/2024/12/Myonnetyt-apurahat-2024.pdf#page=2,,0.85,False,,"{""source_quote"": ""| 2024067 | Kangaskosken-Ritakosken kyläyhdistys; ry | Elämää varrella Hiitolanjoen virran. | 5 000 € |"", ""extractor"": ""grantscrape/0.1"", ""foundation"": ""Karjalan Kulttuurirahasto"", ""recipient_raw"": ""Kangaskosken-Ritakosken kyläyhdistys; ry"", ""amount_raw"": ""5 000 €"", ""agent_confidence"": 0.85, ""rule_score"": 1.0, ""notes"": ""The ';' before 'ry' is a line-break artifact in the source table; merged into the org name per rules."", ""chunk_id"": ""001"", ""run_id"": ""karjalan-kulttuurirahasto""}"
karjalan-kulttuurirahasto,general,2024,Karjalainen Nuorisoliitto ry,organization,Karjalaisen Nuorisoliiton vuoden 2024 toimintaan,,10000,EUR,https://www.karjalankulttuurirahasto.fi/wp-content/uploads/2024/12/Myonnetyt-apurahat-2024.pdf#page=1,,0.9,False,,"{""source_quote"": ""| 2024037 | Karjalainen Nuorisoliitto ry | Karjalaisen Nuorisoliiton vuoden 2024 toimintaan | 10 000 € |"", ""extractor"": ""grantscrape/0.1"", ""foundation"": ""Karjalan Kulttuurirahasto"", ""recipient_raw"": ""Karjalainen Nuorisoliitto ry"", ""amount_raw"": ""10 000 €"", ""agent_confidence"": 0.9, ""rule_score"": 1.0, ""chunk_id"": ""000"", ""run_id"": ""karjalan-kulttuurirahasto""}"
karjalan-kulttuurirahasto,general,2024,Karjalainen Nuorisoliitto ry,organization,Karjalaiset Kevätpäivät 2025 -tapahtuma 29.–30.3.2025,,10000,EUR,https://www.karjalankulttuurirahasto.fi/wp-content/uploads/2024/12/Myonnetyt-apurahat-2024.pdf#page=3,,0.95,False,,"{""source_quote"": ""| 2024137 | Karjalainen Nuorisoliitto ry | Karjalaiset Kevätpäivät 2025 -tapahtuma 29.–30.3.2025 | 10 000 € |"", ""extractor"": ""grantscrape/0.1"", ""foundation"": ""Karjalan Kulttuurirahasto"", ""recipient_raw"": ""Karjalainen Nuorisoliitto ry"", ""amount_raw"": ""10 000 €"", ""agent_confidence"": 0.95, ""rule_score"": 1.0, ""chunk_id"": ""002"", ""run_id"": ""karjalan-kulttuurirahasto""}"
karjalan-kulttuurirahasto,general,2024,Karjalan Liitto ry,organization,Karjalaisen kansan messun järjestäminen Karjalaisilla kesäjuhlilla 16.6.2024.,,5800,EUR,https://www.karjalankulttuurirahasto.fi/wp-content/uploads/2024/12/Myonnetyt-apurahat-2024.pdf#page=2,,0.95,False,,"{""source_quote"": ""| 2024087 | Karjalan Liitto ry | Karjalaisen kansan messun järjestäminen Karjalaisilla kesäjuhlilla 16.6.2024. | 5 800 € |"", ""extractor"": ""grantscrape/0.1"", ""foundation"": ""Karjalan Kulttuurirahasto"", ""recipient_raw"": ""Karjalan Liitto ry"", ""amount_raw"": ""5 800 €"", ""agent_confidence"": 0.95, ""rule_score"": 1.0, ""chunk_id"": ""001"", ""run_id"": ""karjalan-kulttuurirahasto""}"
karjalan-kulttuurirahasto,general,2024,Karjalan Liitto ry,organization,Oodi Karjalalle! Karjalaisen kulttuurin ja Karjalan Liiton 85-vuotisen kulttuurityön tunnetuksi tekeminen Helsingissä ja valtakunnallisesti.,,7000,EUR,https://www.karjalankulttuurirahasto.fi/wp-content/uploads/2024/12/Myonnetyt-apurahat-2024.pdf#page=3,,0.85,False,,"{""source_quote"": ""| 2024146 | Karjalan Liitto ry | Oodi Karjalalle! Karjalaisen kulttuurin ja Karjalan Liiton 85-vuotisen kulttuurityön tunnetuksi; tekeminen Helsingissä ja valtakunnallisesti. | 7 000 € |"", ""extractor"": ""grantscrape/0.1"", ""foundation"": ""Karjalan Kulttuurirahasto"", ""recipient_raw"": ""Karjalan Liitto ry"", ""amount_raw"": ""7 000 €"", ""agent_confidence"": 0.85, ""rule_score"": 1.0, ""notes"": ""Title contains a mid-word ';' that appears to be a PDF line break; removed it to read the full continuous sentence."", ""chunk_id"": ""002"", ""run_id"": ""karjalan-kulttuurirahasto""}"
karjalan-kulttuurirahasto,general,2024,"Karstinen Aino, Raanoja Roosa, Lindqvist Milla, Kaasinen Hilma, Kääriäinen Roosa",group,Tanssiteos Kouvolan Taiteiden Yöhön,,4000,EUR,https://www.karjalankulttuurirahasto.fi/wp-content/uploads/2024/12/Myonnetyt-apurahat-2024.pdf#page=2,,0.9,False,,"{""source_quote"": ""| 2024091 | Karstinen Aino; Raanoja Roosa; Lindqvist Milla; Kaasinen Hilma; Kääriäinen Roosa | Tanssiteos Kouvolan Taiteiden Yöhön | 4 000 € |"", ""extractor"": ""grantscrape/0.1"", ""foundation"": ""Karjalan Kulttuurirahasto"", ""recipient_raw"": ""Karstinen Aino; Raanoja Roosa; Lindqvist Milla; Kaasinen Hilma; Kääriäinen Roosa"", ""amount_raw"": ""4 000 €"", ""agent_confidence"": 0.9, ""rule_score"": 1.0, ""notes"": ""Semicolons in the cell are line breaks in the original PDF, converted to comma-separated names per rules."", ""chunk_id"": ""001"", ""run_id"": ""karjalan-kulttuurirahasto""}"
karjalan-kulttuurirahasto,general,2024,Kasarminkankaan kulttuuriyhdistys ry,organization,Miettilän mynstrinki ja vakkamarkkinat,,2000,EUR,https://www.karjalankulttuurirahasto.fi/wp-content/uploads/2024/12/Myonnetyt-apurahat-2024.pdf#page=3,,0.95,False,,"{""source_quote"": ""| 2024135 | Kasarminkankaan kulttuuriyhdistys ry | Miettilän mynstrinki ja vakkamarkkinat | 2 000 € |"", ""extractor"": ""grantscrape/0.1"", ""foundation"": ""Karjalan Kulttuurirahasto"", ""recipient_raw"": ""Kasarminkankaan kulttuuriyhdistys ry"", ""amount_raw"": ""2 000 €"", ""agent_confidence"": 0.95, ""rule_score"": 1.0, ""chunk_id"": ""002"", ""run_id"": ""karjalan-kulttuurirahasto""}"
karjalan-kulttuurirahasto,general,2024,Koko Production oy,organization,"Dokumentaarinen elokuva ""Raja"" äänisuunnitteluun",,5500,EUR,https://www.karjalankulttuurirahasto.fi/wp-content/uploads/2024/12/Myonnetyt-apurahat-2024.pdf#page=1,,0.9,False,,"{""source_quote"": ""| 2024053 | Koko Production oy | Dokumentaarinen elokuva \""Raja\"" äänisuunnitteluun | 5 500 € |"", ""extractor"": ""grantscrape/0.1"", ""foundation"": ""Karjalan Kulttuurirahasto"", ""recipient_raw"": ""Koko Production oy"", ""amount_raw"": ""5 500 €"", ""agent_confidence"": 0.9, ""rule_score"": 1.0, ""chunk_id"": ""000"", ""run_id"": ""karjalan-kulttuurirahasto""}"
karjalan-kulttuurirahasto,general,2024,Korutaideyhdistys ry,organization,Korutaiteen näyttelyn järjestäminen Täky Galleriassa Lappeenrannassa kesäkuussa 2024.,,2500,EUR,https://www.karjalankulttuurirahasto.fi/wp-content/uploads/2024/12/Myonnetyt-apurahat-2024.pdf#page=2,,0.95,False,,"{""source_quote"": ""| 2024090 | Korutaideyhdistys ry | Korutaiteen näyttelyn järjestäminen Täky Galleriassa Lappeenrannassa kesäkuussa 2024. | 2 500 € |"", ""extractor"": ""grantscrape/0.1"", ""foundation"": ""Karjalan Kulttuurirahasto"", ""recipient_raw"": ""Korutaideyhdistys ry"", ""amount_raw"": ""2 500 €"", ""agent_confidence"": 0.95, ""rule_score"": 1.0, ""chunk_id"": ""001"", ""run_id"": ""karjalan-kulttuurirahasto""}"
karjalan-kulttuurirahasto,general,2024,"Kosken koulukeskus, Imatran kaupunki",organization,Äikkä-hissa eläväksi,,250,EUR,https://www.karjalankulttuurirahasto.fi/wp-content/uploads/2024/12/Myonnetyt-apurahat-2024.pdf#page=2,,0.9,False,,"{""source_quote"": ""| 2024122 | Kosken koulukeskus, Imatran kaupunki | Äikkä-hissa eläväksi | 250 € |"", ""extractor"": ""grantscrape/0.1"", ""foundation"": ""Karjalan Kulttuurirahasto"", ""recipient_raw"": ""Kosken koulukeskus, Imatran kaupunki"", ""amount_raw"": ""250 €"", ""agent_confidence"": 0.9, ""rule_score"": 1.0, ""chunk_id"": ""001"", ""run_id"": ""karjalan-kulttuurirahasto""}"
karjalan-kulttuurirahasto,general,2024,Kotkaniemi-säätiö,organization,110 vuotta Siperiasta -näyttelyn toteuttaminen,,5300,EUR,https://www.karjalankulttuurirahasto.fi/wp-content/uploads/2024/12/Myonnetyt-apurahat-2024.pdf#page=2,,0.95,False,,"{""source_quote"": ""| 2024072 | Kotkaniemi-säätiö | 110 vuotta Siperiasta -näyttelyn toteuttaminen | 5 300 € |"", ""extractor"": ""grantscrape/0.1"", ""foundation"": ""Karjalan Kulttuurirahasto"", ""recipient_raw"": ""Kotkaniemi-säätiö"", ""amount_raw"": ""5 300 €"", ""agent_confidence"": 0.95, ""rule_score"": 1.0, ""chunk_id"": ""001"", ""run_id"": ""karjalan-kulttuurirahasto""}"
karjalan-kulttuurirahasto,general,2024,Kotkaniemi-säätiö,organization,"Kotkaniemen, presidentti P. E. Svinhufvudin kotimuseon, yleisöluentosarja ""Itsenäinen Suomi""",,5000,EUR,https://www.karjalankulttuurirahasto.fi/wp-content/uploads/2024/12/Myonnetyt-apurahat-2024.pdf#page=3,,0.85,False,,"{""source_quote"": ""| 2024143 | Kotkaniemi-säätiö | Kotkaniemen, presidentti P. E. Svinhufvudin kotimuseon, yleisöluentosarja \""Itsenäinen; Suomi\"" | 5 000 € |"", ""extractor"": ""grantscrape/0.1"", ""foundation"": ""Karjalan Kulttuurirahasto"", ""recipient_raw"": ""Kotkaniemi-säätiö"", ""amount_raw"": ""5 000 €"", ""agent_confidence"": 0.85, ""rule_score"": 1.0, ""notes"": ""Title contains a mid-word ';' that appears to be a PDF line break; removed it to read 'Itsenäinen Suomi'."", ""chunk_id"": ""002"", ""run_id"": ""karjalan-kulttuurirahasto""}"
karjalan-kulttuurirahasto,general,2024,Kulttuuriyhdistys Lux et Cantus ry,organization,Onnenvirta-ooppera,,5000,EUR,https://www.karjalankulttuurirahasto.fi/wp-content/uploads/2024/12/Myonnetyt-apurahat-2024.pdf#page=2,,0.95,False,,"{""source_quote"": ""| 2024128 | Kulttuuriyhdistys Lux et Cantus ry | Onnenvirta-ooppera | 5 000 € |"", ""extractor"": ""grantscrape/0.1"", ""foundation"": ""Karjalan Kulttuurirahasto"", ""recipient_raw"": ""Kulttuuriyhdistys Lux et Cantus ry"", ""amount_raw"": ""5 000 €"", ""agent_confidence"": 0.95, ""rule_score"": 1.0, ""chunk_id"": ""001"", ""run_id"": ""karjalan-kulttuurirahasto""}"
karjalan-kulttuurirahasto,general,2024,Kymijoen Lohisoitto ry,organization,Kymijoen Lohisoitto -festivaali 2025,,5000,EUR,https://www.karjalankulttuurirahasto.fi/wp-content/uploads/2024/12/Myonnetyt-apurahat-2024.pdf#page=3,,0.95,False,,"{""source_quote"": ""| 2024141 | Kymijoen Lohisoitto ry | Kymijoen Lohisoitto -festivaali 2025 | 5 000 € |"", ""extractor"": ""grantscrape/0.1"", ""foundation"": ""Karjalan Kulttuurirahasto"", ""recipient_raw"": ""Kymijoen Lohisoitto ry"", ""amount_raw"": ""5 000 €"", ""agent_confidence"": 0.95, ""rule_score"": 1.0, ""chunk_id"": ""002"", ""run_id"": ""karjalan-kulttuurirahasto""}"
karjalan-kulttuurirahasto,general,2024,Lahtonen Suvi,individual,Kotirintamakuvaukset suomalaisessa toista maailmansotaa käsittelevässä sotakirjallisuudessa,,8700,EUR,https://www.karjalankulttuurirahasto.fi/wp-content/uploads/2024/12/Myonnetyt-apurahat-2024.pdf#page=2,,0.85,False,,"{""source_quote"": ""| 2024100 | Lahtonen Suvi | Kotirintamakuvaukset suomalaisessa toista maailmansotaa käsittelevässä; sotakirjallisuudessa | 8 700 € |"", ""extractor"": ""grantscrape/0.1"", ""foundation"": ""Karjalan Kulttuurirahasto"", ""recipient_raw"": ""Lahtonen Suvi"", ""amount_raw"": ""8 700 €"", ""agent_confidence"": 0.85, ""rule_score"": 1.0, ""notes"": ""Semicolon in the title cell is a line-break artifact; joined into one title."", ""chunk_id"": ""001"", ""run_id"": ""karjalan-kulttuurirahasto""}"
karjalan-kulttuurirahasto,general,2024,Lappeenrannan museot,organization,Etelä-Karjalan muistomerkkien kartoitus,,21252,EUR,https://www.karjalankulttuurirahasto.fi/wp-content/uploads/2024/12/Myonnetyt-apurahat-2024.pdf#page=1,,0.9,False,,"{""source_quote"": ""| 2024044 | Lappeenrannan museot | Etelä-Karjalan muistomerkkien kartoitus | 21 252 € |"", ""extractor"": ""grantscrape/0.1"", ""foundation"": ""Karjalan Kulttuurirahasto"", ""recipient_raw"": ""Lappeenrannan museot"", ""amount_raw"": ""21 252 €"", ""agent_confidence"": 0.9, ""rule_score"": 1.0, ""chunk_id"": ""000"", ""run_id"": ""karjalan-kulttuurirahasto""}"
karjalan-kulttuurirahasto,general,2024,Lappeenranta Big Band ry,organization,Lappeenranta Big Bandin ja Kalevi Louhivuoren jazzkonsertti,,1500,EUR,https://www.karjalankulttuurirahasto.fi/wp-content/uploads/2024/12/Myonnetyt-apurahat-2024.pdf#page=1,,0.9,False,,"{""source_quote"": ""| 2024051 | Lappeenranta Big Band ry | Lappeenranta Big Bandin ja Kalevi Louhivuoren jazzkonsertti | 1 500 € |"", ""extractor"": ""grantscrape/0.1"", ""foundation"": ""Karjalan Kulttuurirahasto"", ""recipient_raw"": ""Lappeenranta Big Band ry"", ""amount_raw"": ""1 500 €"", ""agent_confidence"": 0.9, ""rule_score"": 1.0, ""chunk_id"": ""000"", ""run_id"": ""karjalan-kulttuurirahasto""}"
karjalan-kulttuurirahasto,general,2024,"Lumiluoto Sinikka, Hakkarainen Henna",group,Runovastaanotto kutsuu klovnin luo,,2000,EUR,https://www.karjalankulttuurirahasto.fi/wp-content/uploads/2024/12/Myonnetyt-apurahat-2024.pdf#page=1,,0.85,False,,"{""source_quote"": ""| 2024052 | Lumiluoto Sinikka; Hakkarainen Henna | Runovastaanotto kutsuu klovnin luo | 2 000 € |"", ""extractor"": ""grantscrape/0.1"", ""foundation"": ""Karjalan Kulttuurirahasto"", ""recipient_raw"": ""Lumiluoto Sinikka; Hakkarainen Henna"", ""amount_raw"": ""2 000 €"", ""agent_confidence"": 0.85, ""rule_score"": 1.0, ""notes"": ""The ';' in the Hakija cell marks a line break between two named recipients, joined with a comma per convention"", ""chunk_id"": ""000"", ""run_id"": ""karjalan-kulttuurirahasto""}"
karjalan-kulttuurirahasto,general,2024,"Marja-aho Iina, Jantsikene Teele, Seppänen Elina, Ryland-Jones Anna",group,Madalletaan kynnystä: taidemusiikkia kylätaloihin,,3000,EUR,https://www.karjalankulttuurirahasto.fi/wp-content/uploads/2024/12/Myonnetyt-apurahat-2024.pdf#page=1,,0.85,False,,"{""source_quote"": ""| 2024065 | Marja-aho Iina; Jantsikene Teele; Seppänen Elina; Ryland-Jones Anna | Madalletaan kynnystä: taidemusiikkia kylätaloihin | 3 000 € |"", ""extractor"": ""grantscrape/0.1"", ""foundation"": ""Karjalan Kulttuurirahasto"", ""recipient_raw"": ""Marja-aho Iina; Jantsikene Teele; Seppänen Elina; Ryland-Jones Anna"", ""amount_raw"": ""3 000 €"", ""agent_confidence"": 0.85, ""rule_score"": 1.0, ""notes"": ""The ';' in the Hakija cell marks line breaks between four named recipients, joined with commas per convention"", ""chunk_id"": ""000"", ""run_id"": ""karjalan-kulttuurirahasto""}"
karjalan-kulttuurirahasto,general,2024,Marttaliitto ry,organization,Makumatka Karjalaan -karjalaisia ruokia ja leivonnaisia -kurssien pitäminen,,8000,EUR,https://www.karjalankulttuurirahasto.fi/wp-content/uploads/2024/12/Myonnetyt-apurahat-2024.pdf#page=1,,0.9,False,,"{""source_quote"": ""| 2024036 | Marttaliitto ry | Makumatka Karjalaan -karjalaisia ruokia ja leivonnaisia -kurssien pitäminen | 8 000 € |"", ""extractor"": ""grantscrape/0.1"", ""foundation"": ""Karjalan Kulttuurirahasto"", ""recipient_raw"": ""Marttaliitto ry"", ""amount_raw"": ""8 000 €"", ""agent_confidence"": 0.9, ""rule_score"": 1.0, ""chunk_id"": ""000"", ""run_id"": ""karjalan-kulttuurirahasto""}"
karjalan-kulttuurirahasto,general,2024,Mustan ja Valkoisen Teatteri-yhdistys ry,organization,21. Mustan ja Valkoisen Teatterifestivaalin/ 21 Black & White Theatre Festivalin kehitystyö ja järjestäminen,,6000,EUR,https://www.karjalankulttuurirahasto.fi/wp-content/uploads/2024/12/Myonnetyt-apurahat-2024.pdf#page=2,,0.85,False,,"{""source_quote"": ""| 2024107 | Mustan ja Valkoisen Teatteri-yhdistys ry | 21. Mustan ja Valkoisen Teatterifestivaalin/ 21 Black & White Theatre Festivalin kehitystyö ja; järjestäminen | 6 000 € |"", ""extractor"": ""grantscrape/0.1"", ""foundation"": ""Karjalan Kulttuurirahasto"", ""recipient_raw"": ""Mustan ja Valkoisen Teatteri-yhdistys ry"", ""amount_raw"": ""6 000 €"", ""agent_confidence"": 0.85, ""rule_score"": 1.0, ""notes"": ""Semicolon before 'järjestäminen' is a line-break artifact; joined into one title."", ""chunk_id"": ""001"", ""run_id"": ""karjalan-kulttuurirahasto""}"
karjalan-kulttuurirahasto,general,2024,Nuorisoseura Harmonikka,organization,Kirjo-tanssiteos,,2400,EUR,https://www.karjalankulttuurirahasto.fi/wp-content/uploads/2024/12/Myonnetyt-apurahat-2024.pdf#page=2,,0.95,False,,"{""source_quote"": ""| 2024121 | Nuorisoseura Harmonikka | Kirjo-tanssiteos | 2 400 € |"", ""extractor"": ""grantscrape/0.1"", ""foundation"": ""Karjalan Kulttuurirahasto"", ""recipient_raw"": ""Nuorisoseura Harmonikka"", ""amount_raw"": ""2 400 €"", ""agent_confidence"": 0.95, ""rule_score"": 1.0, ""chunk_id"": ""001"", ""run_id"": ""karjalan-kulttuurirahasto""}"
karjalan-kulttuurirahasto,general,2024,Pietiläinen Terhi,individual,Haastatteluaineiston digitointi väitöskirjaa varten,,1500,EUR,https://www.karjalankulttuurirahasto.fi/wp-content/uploads/2024/12/Myonnetyt-apurahat-2024.pdf#page=2,,0.9,False,,"{""source_quote"": ""| 2024105 | Pietiläinen Terhi | Haastatteluaineiston digitointi väitöskirjaa varten | 1 500 € |"", ""extractor"": ""grantscrape/0.1"", ""foundation"": ""Karjalan Kulttuurirahasto"", ""recipient_raw"": ""Pietiläinen Terhi"", ""amount_raw"": ""1 500 €"", ""agent_confidence"": 0.9, ""rule_score"": 1.0, ""chunk_id"": ""001"", ""run_id"": ""karjalan-kulttuurirahasto""}"
karjalan-kulttuurirahasto,general,2024,Pohjantähti Elokuva Oy,organization,Dokumenttielokuva Pähkinäsaaren rauhan raja,,15000,EUR,https://www.karjalankulttuurirahasto.fi/wp-content/uploads/2024/12/Myonnetyt-apurahat-2024.pdf#page=1,,0.9,False,,"{""source_quote"": ""| 2024060 | Pohjantähti Elokuva Oy | Dokumenttielokuva Pähkinäsaaren rauhan raja | 15 000 € |"", ""extractor"": ""grantscrape/0.1"", ""foundation"": ""Karjalan Kulttuurirahasto"", ""recipient_raw"": ""Pohjantähti Elokuva Oy"", ""amount_raw"": ""15 000 €"", ""agent_confidence"": 0.9, ""rule_score"": 1.0, ""chunk_id"": ""000"", ""run_id"": ""karjalan-kulttuurirahasto""}"
karjalan-kulttuurirahasto,general,2024,Pukki Leena,individual,Luumäen kuvatäkkien kuvioihin pohjautuvien seinämaalausten toteuttamiseen Jurvalaan Luumäelle. Seinämaalaukset toteutetaan yhdessä Kangasvarren koulun oppilaiden kanssa.,,2700,EUR,https://www.karjalankulttuurirahasto.fi/wp-content/uploads/2024/12/Myonnetyt-apurahat-2024.pdf#page=2,,0.85,False,,"{""source_quote"": ""| 2024132 | Pukki Leena | Luumäen kuvatäkkien kuvioihin pohjautuvien seinämaalausten toteuttamiseen Jurvalaan; Luumäelle. Seinämaalaukset toteutetaan yhdessä Kangasvarren koulun oppilaiden kanssa. | 2 700 € |"", ""extractor"": ""grantscrape/0.1"", ""foundation"": ""Karjalan Kulttuurirahasto"", ""recipient_raw"": ""Pukki Leena"", ""amount_raw"": ""2 700 €"", ""agent_confidence"": 0.85, ""rule_score"": 1.0, ""notes"": ""Semicolon before 'Luumäelle' is a line-break artifact; joined into one continuous title."", ""chunk_id"": ""001"", ""run_id"": ""karjalan-kulttuurirahasto""}"
karjalan-kulttuurirahasto,general,2024,Ruokolahden taideyhdistys ry,organization,Kuvataiteen kesäkurssit koululaisille,,2100,EUR,https://www.karjalankulttuurirahasto.fi/wp-content/uploads/2024/12/Myonnetyt-apurahat-2024.pdf#page=1,,0.9,False,,"{""source_quote"": ""| 2024058 | Ruokolahden taideyhdistys ry | Kuvataiteen kesäkurssit koululaisille | 2 100 € |"", ""extractor"": ""grantscrape/0.1"", ""foundation"": ""Karjalan Kulttuurirahasto"", ""recipient_raw"": ""Ruokolahden taideyhdistys ry"", ""amount_raw"": ""2 100 €"", ""agent_confidence"": 0.9, ""rule_score"": 1.0, ""chunk_id"": ""000"", ""run_id"": ""karjalan-kulttuurirahasto""}"
karjalan-kulttuurirahasto,general,2024,Rääkkylä Folk ry,organization,Karjalat kohtaavat,,3000,EUR,https://www.karjalankulttuurirahasto.fi/wp-content/uploads/2024/12/Myonnetyt-apurahat-2024.pdf#page=3,,0.95,False,,"{""source_quote"": ""| 2024147 | Rääkkylä Folk ry | Karjalat kohtaavat | 3 000 € |"", ""extractor"": ""grantscrape/0.1"", ""foundation"": ""Karjalan Kulttuurirahasto"", ""recipient_raw"": ""Rääkkylä Folk ry"", ""amount_raw"": ""3 000 €"", ""agent_confidence"": 0.95, ""rule_score"": 1.0, ""chunk_id"": ""002"", ""run_id"": ""karjalan-kulttuurirahasto""}"
karjalan-kulttuurirahasto,general,2024,Saimaan Nuorisoseurat ry,organization,Kalenat 2025 -kansantanssifestivaalin järjestäminen,,8000,EUR,https://www.karjalankulttuurirahasto.fi/wp-content/uploads/2024/12/Myonnetyt-apurahat-2024.pdf#page=2,,0.95,False,,"{""source_quote"": ""| 2024110 | Saimaan Nuorisoseurat ry | Kalenat 2025 -kansantanssifestivaalin järjestäminen | 8 000 € |"", ""extractor"": ""grantscrape/0.1"", ""foundation"": ""Karjalan Kulttuurirahasto"", ""recipient_raw"": ""Saimaan Nuorisoseurat ry"", ""amount_raw"": ""8 000 €"", ""agent_confidence"": 0.95, ""rule_score"": 1.0, ""chunk_id"": ""001"", ""run_id"": ""karjalan-kulttuurirahasto""}"
karjalan-kulttuurirahasto,general,2024,Saimaan tiimiyrittäjäakatemia ry,organization,Digikaappaus 2024,,5000,EUR,https://www.karjalankulttuurirahasto.fi/wp-content/uploads/2024/12/Myonnetyt-apurahat-2024.pdf#page=2,,0.95,False,,"{""source_quote"": ""| 2024083 | Saimaan tiimiyrittäjäakatemia ry | Digikaappaus 2024 | 5 000 € |"", ""extractor"": ""grantscrape/0.1"", ""foundation"": ""Karjalan Kulttuurirahasto"", ""recipient_raw"": ""Saimaan tiimiyrittäjäakatemia ry"", ""amount_raw"": ""5 000 €"", ""agent_confidence"": 0.95, ""rule_score"": 1.0, ""chunk_id"": ""001"", ""run_id"": ""karjalan-kulttuurirahasto""}"
karjalan-kulttuurirahasto,general,2024,Seiskarinkoirakerho ry,organization,Seiskarinkoirarekisterin digitointi,,2000,EUR,https://www.karjalankulttuurirahasto.fi/wp-content/uploads/2024/12/Myonnetyt-apurahat-2024.pdf#page=1,,0.9,False,,"{""source_quote"": ""| 2024049 | Seiskarinkoirakerho ry | Seiskarinkoirarekisterin digitointi | 2 000 € |"", ""extractor"": ""grantscrape/0.1"", ""foundation"": ""Karjalan Kulttuurirahasto"", ""recipient_raw"": ""Seiskarinkoirakerho ry"", ""amount_raw"": ""2 000 €"", ""agent_confidence"": 0.9, ""rule_score"": 1.0, ""chunk_id"": ""000"", ""run_id"": ""karjalan-kulttuurirahasto""}"
karjalan-kulttuurirahasto,general,2024,Sulasolin Etelä-Karjalan piiri ry,organization,Sulasolin Etelä-Karjalan piirin yhteiskonsertti Imatralla syksyllä 2024,,1100,EUR,https://www.karjalankulttuurirahasto.fi/wp-content/uploads/2024/12/Myonnetyt-apurahat-2024.pdf#page=2,,0.95,False,,"{""source_quote"": ""| 2024106 | Sulasolin Etelä-Karjalan piiri ry | Sulasolin Etelä-Karjalan piirin yhteiskonsertti Imatralla syksyllä 2024 | 1 100 € |"", ""extractor"": ""grantscrape/0.1"", ""foundation"": ""Karjalan Kulttuurirahasto"", ""recipient_raw"": ""Sulasolin Etelä-Karjalan piiri ry"", ""amount_raw"": ""1 100 €"", ""agent_confidence"": 0.95, ""rule_score"": 1.0, ""chunk_id"": ""001"", ""run_id"": ""karjalan-kulttuurirahasto""}"
karjalan-kulttuurirahasto,general,2024,Sulasolin Etelä-Karjalan piiri ry,organization,Sulasolin Etelä-Karjalan piirin vuoden 2025 yhteislaulutilaisuudet Lappeenrannassa ja Imatralla,,1300,EUR,https://www.karjalankulttuurirahasto.fi/wp-content/uploads/2024/12/Myonnetyt-apurahat-2024.pdf#page=3,,0.85,False,,"{""source_quote"": ""| 2024139 | Sulasolin Etelä-Karjalan piiri ry | Sulasolin Etelä-Karjalan piirin vuoden 2025 yhteislaulutilaisuudet Lappeenrannassa ja; Imatralla | 1 300 € |"", ""extractor"": ""grantscrape/0.1"", ""foundation"": ""Karjalan Kulttuurirahasto"", ""recipient_raw"": ""Sulasolin Etelä-Karjalan piiri ry"", ""amount_raw"": ""1 300 €"", ""agent_confidence"": 0.85, ""rule_score"": 1.0, ""notes"": ""Title contains a mid-word ';' that appears to be a PDF line break; removed it to read 'Lappeenrannassa ja Imatralla'."", ""chunk_id"": ""002"", ""run_id"": ""karjalan-kulttuurirahasto""}"
karjalan-kulttuurirahasto,general,2024,"Syrjänen Petri, Lammi Mari",group,Koeaika-elokuvan valmistus,,4000,EUR,https://www.karjalankulttuurirahasto.fi/wp-content/uploads/2024/12/Myonnetyt-apurahat-2024.pdf#page=1,,0.85,False,,"{""source_quote"": ""| 2024061 | Syrjänen Petri; Lammi Mari | Koeaika-elokuvan valmistus | 4 000 € |"", ""extractor"": ""grantscrape/0.1"", ""foundation"": ""Karjalan Kulttuurirahasto"", ""recipient_raw"": ""Syrjänen Petri; Lammi Mari"", ""amount_raw"": ""4 000 €"", ""agent_confidence"": 0.85, ""rule_score"": 1.0, ""notes"": ""The ';' in the Hakija cell marks a line break between two named recipients, joined with a comma per convention"", ""chunk_id"": ""000"", ""run_id"": ""karjalan-kulttuurirahasto""}"
karjalan-kulttuurirahasto,general,2024,TAIDEKESKUS ITÄ / Korutaideyhdistys,organization,TAIDEKESKUS ITÄ - tukea ammattitaiteilijoille ja kulttuuritarjontaa maakuntaan.,,3500,EUR,https://www.karjalankulttuurirahasto.fi/wp-content/uploads/2024/12/Myonnetyt-apurahat-2024.pdf#page=2,,0.9,False,,"{""source_quote"": ""| 2024125 | TAIDEKESKUS ITÄ / Korutaideyhdistys | TAIDEKESKUS ITÄ - tukea ammattitaiteilijoille ja kulttuuritarjontaa maakuntaan. | 3 500 € |"", ""extractor"": ""grantscrape/0.1"", ""foundation"": ""Karjalan Kulttuurirahasto"", ""recipient_raw"": ""TAIDEKESKUS ITÄ / Korutaideyhdistys"", ""amount_raw"": ""3 500 €"", ""agent_confidence"": 0.9, ""rule_score"": 1.0, ""chunk_id"": ""001"", ""run_id"": ""karjalan-kulttuurirahasto""}"
karjalan-kulttuurirahasto,general,2024,Tikka Katja,individual,Tarkastusoikeus siirtokarjalaisten kohtaloissa,,22000,EUR,https://www.karjalankulttuurirahasto.fi/wp-content/uploads/2024/12/Myonnetyt-apurahat-2024.pdf#page=1,,0.9,False,,"{""source_quote"": ""| 2024050 | Tikka Katja | Tarkastusoikeus siirtokarjalaisten kohtaloissa | 22 000 € |"", ""extractor"": ""grantscrape/0.1"", ""foundation"": ""Karjalan Kulttuurirahasto"", ""recipient_raw"": ""Tikka Katja"", ""amount_raw"": ""22 000 €"", ""agent_confidence"": 0.9, ""rule_score"": 1.0, ""chunk_id"": ""000"", ""run_id"": ""karjalan-kulttuurirahasto""}"
karjalan-kulttuurirahasto,general,2024,VATANEN SANNA,individual,"Pokramoita, vironvöitä - kudo pirtanauhoja",,5000,EUR,https://www.karjalankulttuurirahasto.fi/wp-content/uploads/2024/12/Myonnetyt-apurahat-2024.pdf#page=1,,0.9,False,,"{""source_quote"": ""| 2024032 | VATANEN SANNA | Pokramoita, vironvöitä - kudo pirtanauhoja | 5 000 € |"", ""extractor"": ""grantscrape/0.1"", ""foundation"": ""Karjalan Kulttuurirahasto"", ""recipient_raw"": ""VATANEN SANNA"", ""amount_raw"": ""5 000 €"", ""agent_confidence"": 0.9, ""rule_score"": 1.0, ""chunk_id"": ""000"", ""run_id"": ""karjalan-kulttuurirahasto""}"
karjalan-kulttuurirahasto,general,2024,Virta-opisto/musiikkiopisto,organization,Etelä-Karjalan kansanmusiikki 2024,,4000,EUR,https://www.karjalankulttuurirahasto.fi/wp-content/uploads/2024/12/Myonnetyt-apurahat-2024.pdf#page=1,,0.9,False,,"{""source_quote"": ""| 2024008 | Virta-opisto/musiikkiopisto | Etelä-Karjalan kansanmusiikki 2024 | 4 000 € |"", ""extractor"": ""grantscrape/0.1"", ""foundation"": ""Karjalan Kulttuurirahasto"", ""recipient_raw"": ""Virta-opisto/musiikkiopisto"", ""amount_raw"": ""4 000 €"", ""agent_confidence"": 0.9, ""rule_score"": 1.0, ""chunk_id"": ""000"", ""run_id"": ""karjalan-kulttuurirahasto""}"
karjalan-kulttuurirahasto,general,2024,Wene-WiOL,organization,Wene-WiOLin eli Wiipurilaisen Osakunnan Laulajien kirkkovenekuoron kesäkiertue vuonna 2024,,1000,EUR,https://www.karjalankulttuurirahasto.fi/wp-content/uploads/2024/12/Myonnetyt-apurahat-2024.pdf#page=1,,0.8,False,,"{""source_quote"": ""| 2024046 | Wene-WiOL | Wene-WiOLin eli Wiipurilaisen Osakunnan Laulajien kirkkovenekuoron kesäkiertue vuonna; 2024 | 1 000 € |"", ""extractor"": ""grantscrape/0.1"", ""foundation"": ""Karjalan Kulttuurirahasto"", ""recipient_raw"": ""Wene-WiOL"", ""amount_raw"": ""1 000 €"", ""agent_confidence"": 0.8, ""rule_score"": 1.0, ""notes"": ""project_title reconstructed by joining the '; ' line-break split of 'vuonna' and '2024' in the Otsikko cell"", ""chunk_id"": ""000"", ""run_id"": ""karjalan-kulttuurirahasto""}"
karjalan-kulttuurirahasto,general,2024,Wiipurilainen Osakunta,organization,Wiipurilaisen Osakunnan vuosijuhla ja vuosijuhlaviikko 2025,,2000,EUR,https://www.karjalankulttuurirahasto.fi/wp-content/uploads/2024/12/Myonnetyt-apurahat-2024.pdf#page=3,,0.95,False,,"{""source_quote"": ""| 2024133 | Wiipurilainen Osakunta | Wiipurilaisen Osakunnan vuosijuhla ja vuosijuhlaviikko 2025 | 2 000 € |"", ""extractor"": ""grantscrape/0.1"", ""foundation"": ""Karjalan Kulttuurirahasto"", ""recipient_raw"": ""Wiipurilainen Osakunta"", ""amount_raw"": ""2 000 €"", ""agent_confidence"": 0.95, ""rule_score"": 1.0, ""chunk_id"": ""002"", ""run_id"": ""karjalan-kulttuurirahasto""}"
karjalan-kulttuurirahasto,general,2024,i dolci ry,organization,Jousikvartetto,,2000,EUR,https://www.karjalankulttuurirahasto.fi/wp-content/uploads/2024/12/Myonnetyt-apurahat-2024.pdf#page=2,,0.95,False,,"{""source_quote"": ""| 2024074 | i dolci ry | Jousikvartetto | 2 000 € |"", ""extractor"": ""grantscrape/0.1"", ""foundation"": ""Karjalan Kulttuurirahasto"", ""recipient_raw"": ""i dolci ry"", ""amount_raw"": ""2 000 €"", ""agent_confidence"": 0.95, ""rule_score"": 1.0, ""chunk_id"": ""001"", ""run_id"": ""karjalan-kulttuurirahasto""}"
hubersaatio,general,2026,2nd Generation Lynx Larynx,group,2nd Generation Lynx Larynx – urpremiär på 2G Festival,"2nd Generation Lynx Larynx är ett musikprojekt på svenska, finska och engelska, material skrivet av Jarkko Martikainen och Love Antell, stråkarrangemang av Lara Poe. Albumet ges ut april 2026, premiär på scen i Uleåborg maj 2026, 2G Festival, som en del av kulturhuvudstadsåret Oulu2026.",3500,EUR,https://www.hubersaatio.fi/myonnetyt-apurahat/,musik,0.8,False,,"{""source_quote"": ""**2nd Generation Lynx Larynx** – € 3.500 – musik"", ""extractor"": ""grantscrape/0.1"", ""foundation"": ""Samuel Huberin taidesäätiö"", ""recipient_raw"": ""2nd Generation Lynx Larynx"", ""amount_raw"": ""€ 3.500"", ""agent_confidence"": 0.8, ""rule_score"": 1.0, ""notes"": ""Recipient appears to be a band/project name; classified as group though it could be treated as organization."", ""chunk_id"": ""003"", ""run_id"": ""hubersaatio"", ""purpose"": ""För att genomföra och täcka kostnader för festivalkonserten i maj 2026. Resor, övning, stråkar, musikerarvode samt presentation av dokumentärfilm.""}"
hubersaatio,general,2026,Aapo & Sirje,group,Chainsaw Princess X The Fear of Going Bald,"“Chainsaw Princess X The Fear of Going Bald” on nykysirkusteos, joka muodostuu kahdesta toisiinsa liittyvästä 30 minuutin soolosta diptyykkinä. Tämä sirkustaiteessa harvinainen muoto mahdollistaa kahden eri äänen rinnakkaiselon; Aapo työskentelee cyr-renkaan kanssa ja Sirje vanteiden parissa. Projekti pohtii kahta hyvin henkilökohtaista ja erilaista kokemustamme sukupuolesta sirkustaiteessa.",3500,EUR,https://www.hubersaatio.fi/myonnetyt-apurahat/,sirkus,0.95,False,,"{""source_quote"": ""**Aapo & Sirje** – € 3.500 – sirkus"", ""extractor"": ""grantscrape/0.1"", ""foundation"": ""Samuel Huberin taidesäätiö"", ""recipient_raw"": ""Aapo & Sirje"", ""amount_raw"": ""€ 3.500"", ""agent_confidence"": 0.95, ""rule_score"": 1.0, ""chunk_id"": ""005"", ""run_id"": ""hubersaatio"", ""purpose"": ""Äänitaiteilijan työskentelyyn ja materiaalihankintoihin (pukusuunnittelu, vanteet, markkinointi). Apuraha mahdollistaa teoksen äänimaailman kehittämisen, sirkusvälineiden kanssa tutkimisen, puvustuksen kehittämisen sekä markkinointimateriaalien valmistamisen.""}"
hubersaatio,general,2026,Aava-Fjärd ry,organization,Aava-festivaali 2026: ”Audiovisuaalista”-avajaiskonsertti,"Audiovisuaalisiin teoksiin keskittyvä konsertti tapahtuu Houtskarin Saaristokoulussa ja toimii samalla festivaalin avauskonserttina. Ohjelma sisältää Gina Gilliesin ”Pale Blue Dot”-teoksen käyrätorvelle, videolle ja elektroniselle äänelle, jota seuraa työryhmä Supponen-Suosalo-Hakosalon ”SYKLIT” – remixattu versio elektroakustis-visuaalisesta Oraakkeli-teoksestaan (alun perin sävelletty lyömäsoittajalle, live-videolle sekä kuorolle).",3480,EUR,https://www.hubersaatio.fi/myonnetyt-apurahat/,"musiikki, esitystaide",0.95,False,,"{""source_quote"": ""**Aava-Fjärd ry** – €3.480 – musiikki, esitystaide"", ""extractor"": ""grantscrape/0.1"", ""foundation"": ""Samuel Huberin taidesäätiö"", ""recipient_raw"": ""Aava-Fjärd ry"", ""amount_raw"": ""€3.480"", ""agent_confidence"": 0.95, ""rule_score"": 1.0, ""chunk_id"": ""003"", ""run_id"": ""hubersaatio"", ""purpose"": ""Huberin taidesäätiön tuella katetaan konsertin taiteilijoiden esiintymispalkkiot sekä matkakulut välillä Helsinki-Houtskari.""}"
hubersaatio,general,2026,Alsa Ojala ja Rasmus Östling,group,Konsertti-illan järjestäminen Helsingissä.,"Konsertti-illan järjestäminen Helsingissä. Olemme usean vuoden ajan järjestäneet konsertteja ja musiikkitapahtumia mm. Helsingissä, Turussa, Porissa ja Kemiönsaarella. Tuomme tapahtumaan kokeellisen musiikin artisteja, joiden esiintymisten järjestäminen kaupallisesti ei ole mahdollista. Tapahtumassa esiintyy kotimaisia ja kansainvälisiä musiikintekijöitä.",3500,EUR,https://www.hubersaatio.fi/myonnetyt-apurahat/,"musiikki, esitystaide",0.95,False,,"{""source_quote"": ""**Alsa Ojala ja Rasmus Östling** – € 3.500 – musiikki, esitystaide"", ""extractor"": ""grantscrape/0.1"", ""foundation"": ""Samuel Huberin taidesäätiö"", ""recipient_raw"": ""Alsa Ojala ja Rasmus Östling"", ""amount_raw"": ""€ 3.500"", ""agent_confidence"": 0.95, ""rule_score"": 1.0, ""chunk_id"": ""003"", ""run_id"": ""hubersaatio"", ""purpose"": ""Apuraha kattaa tapahtuman järjestämiseen liittyvät kulut, joista tärkeimpiä ovat esiintymispalkkiot sekä matka- ja majoituskulut. Maksamme kaikille esiintyjille esiintymispalkkiot ja tavoitteenamme on maksaa kaikille reilu korvaus.""}"
hubersaatio,general,2026,Arda Salaniemi,individual,Istanbul Helsinki 1952,"Näytelmä Istanbul Helsinki 1952 (työnimi) sijoittuu Turkkiin 1920–1950-luvuille. Näytelmässä seurataan perhedynamiikkaa, joka on ajaton. Konservatiivisen perheen poika on runomielinen painija. Näytelmä kysyy, mitä ihmiselle jää, kun hänen unelmansa kuolee? Näytelmä operoi näyttämöllä live-musiikin sekä maagisen realismin avuin. Lyhtypylväät ilkkuvat, painimatosta nousee entisaikojen henkiä.",2000,EUR,https://www.hubersaatio.fi/myonnetyt-apurahat/,"teatteri, musiikki, esitystaide",0.95,False,,"{""source_quote"": ""**Arda Salaniemi** – € 2.000 – teatteri, musiikki, esitystaide"", ""extractor"": ""grantscrape/0.1"", ""foundation"": ""Samuel Huberin taidesäätiö"", ""recipient_raw"": ""Arda Salaniemi"", ""amount_raw"": ""€ 2.000"", ""agent_confidence"": 0.95, ""rule_score"": 1.0, ""chunk_id"": ""007"", ""run_id"": ""hubersaatio"", ""purpose"": ""Hakija kirjoittaa näytelmää Istanbul Helsinki 1952 (työnimi) vuosina 2026-2027. Apuraha kattaa vajaan kuukauden työskentelyn. Näytelmä perustuu hakijan aiemmin kirjoittamaan ja julkaisemattomaan proosakäsikirjoitukseen.""}"
hubersaatio,general,2026,Asbestos Art Space,organization,Asbestos Ars Festival V,"Asbestos Ars Festival V on viidettä kertaa järjestettävä uuden kokeellisen musiikin ja esitystaiteen festivaali, joka on tarkoitus toteuttaa Asbestos ry:n ylläpitämässä Asbestos Art Space -taidetilassa Helsingin Kruununhaassa 20.-23.8.2026. Nelipäiväinen ohjelma sisältää kokeellisen musiikin konsertteja sekä performanssiesityksiä.",1400,EUR,https://www.hubersaatio.fi/myonnetyt-apurahat/,"musiikki, esitystaide, tanssi",0.85,False,,"{""source_quote"": ""**Asbestos Art Space** – € 1.400 – musiikki, esitystaide, tanssi"", ""extractor"": ""grantscrape/0.1"", ""foundation"": ""Samuel Huberin taidesäätiö"", ""recipient_raw"": ""Asbestos Art Space"", ""amount_raw"": ""€ 1.400"", ""agent_confidence"": 0.85, ""rule_score"": 1.0, ""notes"": ""Recipient type inferred as organization (an art space maintained by Asbestos ry); could also be a group/venue."", ""chunk_id"": ""003"", ""run_id"": ""hubersaatio"", ""purpose"": ""Haemme apurahaa taiteilijoiden esiintymispalkkioihin.""}"
hubersaatio,general,2026,Atte Elias Kantonen,individual,Residenssi Cité Internationale des Arts-residenssissä Pariisissa,"Olen hyväksytty residenssiin Cité Internationale des Arts-residenssissä Pariisiin kahdeksi kuukaudeksi kesällä 2026. Residenssin aikana sävellän INA/GRM:n tilaamaa monikanavateosta, luon elektro-akustisia, esityksellisiä etydeitä, sekä verkostoidun muiden residenssissä työskentelevien monialaisten taiteilijoiden kanssa.",1350,EUR,https://www.hubersaatio.fi/myonnetyt-apurahat/,musiikki,0.95,False,,"{""source_quote"": ""**Atte Elias Kantonen** – € 1.350 – musiikki"", ""extractor"": ""grantscrape/0.1"", ""foundation"": ""Samuel Huberin taidesäätiö"", ""recipient_raw"": ""Atte Elias Kantonen"", ""amount_raw"": ""€ 1.350"", ""agent_confidence"": 0.95, ""rule_score"": 1.0, ""chunk_id"": ""003"", ""run_id"": ""hubersaatio"", ""purpose"": ""Haen apurahaa kattamaan kahden kuukauden residenssimaksut Cité Internationale des Arts-residenssissä Pariisissa. Residenssijaksoni on kahden kuukauden pituinen. Matkat Ranskaan kustantaa INA/GRM, jonka tilaaman monikanavasävellyksen esitän residenssin aikana kesäkuussa heidän Focus 2026-tapahtumassa""}"
hubersaatio,general,2026,Bullhead,group,Bullhead (työnimi),"Bullhead (työnimi) on kokeellinen lyhyt tanssielokuva, jossa pyörätuolia käyttävä tanssija Kadar Khristan ja queer tanssija Jussi Ulkuniemi kohtaavat tanssi-duetossa purkaen käsityksiä maskuliinisuudesta. Elokuvan ohjaajana ja kuvaajana toimii Anna Kekkonen, toisena ohjajana ja koreografina Georgina Goater.",3500,EUR,https://www.hubersaatio.fi/myonnetyt-apurahat/,"tanssi, esitystaide",0.95,False,,"{""source_quote"": ""**Bullhead** – € 3.500 – tanssi, esitystaide"", ""extractor"": ""grantscrape/0.1"", ""foundation"": ""Samuel Huberin taidesäätiö"", ""recipient_raw"": ""Bullhead"", ""amount_raw"": ""€ 3.500"", ""agent_confidence"": 0.95, ""rule_score"": 1.0, ""chunk_id"": ""006"", ""run_id"": ""hubersaatio"", ""purpose"": ""Haemme työryhmänä apurahaa Bullhead tanssielokuvan kuvaus-vaiheen taiteelliseen työskentelyyn. Apurahaa hakevat ohjaaja ja kuvaaja Anna Kekkonen, ohjaaja ja koreografi Georgina Goater sekä tanssija Kadar Khristan.""}"
hubersaatio,general,2026,Duo Joska Josafat ja Teemu Eerola,group,Konsertteja päihdekuntoutujien asumispalveluyksiköihin.,"Teemme kymmenen konserttia päihdekuntoutujien asumispalveluyksiköissä sekä psykiatrisella osastolla Helsingin seudulla. Esitämme duona lauluja, joita olen säveltänyt ja julkaissut Joska Josafat – nimellä. Säestän konserteissa lauluani kitaralla ja Teemu Eerola soittaa viulua. Toteutamme korkeatasoisia musiikkiesityksiä paikoissa, joissa se ei tavallisesti ole mahdollista kustannussyistä johtuen.",3500,EUR,https://www.hubersaatio.fi/myonnetyt-apurahat/,musiikki,0.95,False,,"{""source_quote"": ""**Duo Joska Josafat ja Teemu Eerola** – € 3.500 – musiikki"", ""extractor"": ""grantscrape/0.1"", ""foundation"": ""Samuel Huberin taidesäätiö"", ""recipient_raw"": ""Duo Joska Josafat ja Teemu Eerola"", ""amount_raw"": ""€ 3.500"", ""agent_confidence"": 0.95, ""rule_score"": 1.0, ""chunk_id"": ""003"", ""run_id"": ""hubersaatio"", ""purpose"": ""Apuraha toimii palkkiona kymmenelle konsertille niin, että molemmat työryhmän jäsenet saavat yhtä suuren osuuden apurahasta.""}"
hubersaatio,general,2026,Emma Uusi-Kokko / Myrtsi,individual,Myrtsin debyyttialbumi,"Myrtsi on vaasalaissyntyisen musiikintekijän Emma Uusi-Kokon projekti, jota inspiroi kotitekoinen estetiikka, pohjalaisuus ja myrtsiys – mököttäminen pilke silmäkulmassa. Myrtsin debyyttialbumi pohtii suorasanaisesti toiveita, epäonnistumisia ja pettymyksiä grooven, harmonisen melankolian ja leikkisten synasoundien säestämänä.",2000,EUR,https://www.hubersaatio.fi/myonnetyt-apurahat/,musiikki,0.9,False,,"{""source_quote"": ""**Emma Uusi-Kokko / Myrtsi** – € 2.000 – musiikki"", ""extractor"": ""grantscrape/0.1"", ""foundation"": ""Samuel Huberin taidesäätiö"", ""recipient_raw"": ""Emma Uusi-Kokko / Myrtsi"", ""amount_raw"": ""€ 2.000"", ""agent_confidence"": 0.9, ""rule_score"": 1.0, ""notes"": ""Recipient given as person name plus artist alias; treated as individual."", ""chunk_id"": ""003"", ""run_id"": ""hubersaatio"", ""purpose"": ""Albumin miksauskulut sekä mahdollisesti muusikoiden palkkiot.""}"
hubersaatio,general,2026,Hallintohimmeli,group,Hallintohimmeli,"Hallintohimmeli (Mikko Siirola, kitara & Mikko Rautiainen, lyömäsoittimet) on erilaisista musiikillisista taustoista tulevien ammattilaisten kuopiolainen duo, joka tutkimusmatkoillaan sointiväreihin soittaa ennenkuulumatonta musiikkia. Ilmaisultaan taipuisa Hallintohimmeli toimii monenlaisissa tiloissa museoista konehalleihin.",3500,EUR,https://www.hubersaatio.fi/myonnetyt-apurahat/,musiikki,0.95,False,,"{""source_quote"": ""**Hallintohimmeli** – € 3.500 – musiikki"", ""extractor"": ""grantscrape/0.1"", ""foundation"": ""Samuel Huberin taidesäätiö"", ""recipient_raw"": ""Hallintohimmeli"", ""amount_raw"": ""€ 3.500"", ""agent_confidence"": 0.95, ""rule_score"": 1.0, ""chunk_id"": ""003"", ""run_id"": ""hubersaatio"", ""purpose"": ""Konserttikiertue Suomessa""}"
hubersaatio,general,2026,Hanna Brotherus,individual,“Veden huomaan” – monitaiteellinen kehollinen esitys tuhannelle ihmiselle,"“Veden huomaan” on monitaiteellinen kehollinen, esityksellinen tapahtuma, jossa yli tuhat ihmistä kokoontuu Oulun ja Perämeren rannalle Nallikariin luomaan yhteisen tanssiteoksen. Valokuvaaja Meeri Koutaniemi kuvaa teoksen, ja siitä tehdään myöhemmin tanssilyhytelokuva. Tavoitteena on laaja, orgaaninen ja kohtaamiseen inspiroiva näyttävä koreografia, jossa yksinkertainen liike kumpuaa vuorovaikutuksesta, kehosta ja meren suojelemisesta.",2000,EUR,https://www.hubersaatio.fi/myonnetyt-apurahat/,"tanssi, esitystaide",0.95,False,,"{""source_quote"": ""**Hanna Brotherus** – € 2.000 – tanssi, esitystaide"", ""extractor"": ""grantscrape/0.1"", ""foundation"": ""Samuel Huberin taidesäätiö"", ""recipient_raw"": ""Hanna Brotherus"", ""amount_raw"": ""€ 2.000"", ""agent_confidence"": 0.95, ""rule_score"": 1.0, ""chunk_id"": ""006"", ""run_id"": ""hubersaatio"", ""purpose"": ""Koreografian suunnittelu, ja sen harjoittaminen vapaaehtoisille tanssijoille, jotka tulevat ’esitanssijoiksi’ Ouluun tapahtumapäivänä. Yhteistyö tanssijoiden ja 100-henkisen kuoron kanssa tapahtuu Oulussa, joten tarvitsen apurahaa myös matka- ja majoituskustannusten kattamiseen.""}"
hubersaatio,general,2026,Hanna Haapamäki,individual,Matalan kynnyksen barokkikonsertttien järjestäminen,"Barokkiyhtye Baccano järjestää matalan kynnyksen konsertteja kirjastoissa, päiväkodissa ja vanhusten hoivakodissa tavoittaakseen erilaisia yleisöjä. Juonnetut konsertit viedään erilaisten yleisöjen luokse Keravalla, Espoossa ja Vantaalla.",3500,EUR,https://www.hubersaatio.fi/myonnetyt-apurahat/,musiikki,0.85,False,,"{""source_quote"": ""**Hanna Haapamäki** – € 3.500 – musiikki"", ""extractor"": ""grantscrape/0.1"", ""foundation"": ""Samuel Huberin taidesäätiö"", ""recipient_raw"": ""Hanna Haapamäki"", ""amount_raw"": ""€ 3.500"", ""agent_confidence"": 0.85, ""rule_score"": 1.0, ""notes"": ""Recipient listed individually but description mentions a group/ensemble (Baccano); purpose refers to 'työryhmän apuraha' suggesting joint work, but only one name is given on the entry line."", ""chunk_id"": ""003"", ""run_id"": ""hubersaatio"", ""purpose"": ""Työryhmän apuraha kattaa projektin kaikki kulut kuten konserttien suunnittelun, tuotannon sekä niiden toteuttamisen.""}"
hubersaatio,general,2026,Heli Hartikainen,individual,Heli Hartikaisen ”Interbody”-levyn äänitys- ja painatuskulut ja livevisuaalit,"Interbody on saksofonisti ja äänitaiteilija Hartikaisen toinen levy. Teos on sävelletty tenorisaksofonille ja aktiiviselle polyfoniselle sampleriohjelmistolle, jonka Hartikainen ja ääniteknikko Mäki-Ullakko ovat yhdessä kehittäneet. Levyn kansitaiteen ja konserttien livevisuaalit tekee skenografi ja kuvataiteilija Helka Saariniemi. Interbody-levyn singlekappale “Pneuma” julkaistiin 27.2.2026.",3500,EUR,https://www.hubersaatio.fi/myonnetyt-apurahat/,musiikki,0.95,False,,"{""source_quote"": ""**Heli Hartikainen** – € 3.500 – musiikki"", ""extractor"": ""grantscrape/0.1"", ""foundation"": ""Samuel Huberin taidesäätiö"", ""recipient_raw"": ""Heli Hartikainen"", ""amount_raw"": ""€ 3.500"", ""agent_confidence"": 0.95, ""rule_score"": 1.0, ""chunk_id"": ""004"", ""run_id"": ""hubersaatio"", ""purpose"": ""Apurahalla kustannetaan kuvataiteilija Helka Saariniemen palkkio levynkansitaiteesta ja livevisuaaleista, osa ääniteknikko Kaj Mäki-Ullakon äänitys- ja miksauspalkkiosta sekä katetaan vinyylin painamiskuluja Helsingin Levypuristamolla.""}"
hubersaatio,general,2026,Holappa & Posti & Strandberg & Vekki,group,On Site – tanssiteos kahdelle ihmisruumiille ja kaivinkoneelle,"On Site tutkii ihmisen ja koneen välistä suhdetta liikkeen ja ruumiillisen vuoropuhelun keinoin. Teos on moniaistillinen spektaakkeli, jossa esiintyjän naisenruumis kurottaa kohti maskuliinisiksi miellettyjä koneita ja niiden liikettä. Se törmäyttää kaksi perinteisesti erillistä maailmaa, tuoden näkyväksi miten ruumis, työ, maa ja liike kietoutuvat toisiinsa taiteellisena ja yhteiskunnallisena ilmiönä.",3500,EUR,https://www.hubersaatio.fi/myonnetyt-apurahat/,tanssi,0.95,False,,"{""source_quote"": ""**Holappa & Posti & Strandberg & Vekki** – € 3.500 – tanssi"", ""extractor"": ""grantscrape/0.1"", ""foundation"": ""Samuel Huberin taidesäätiö"", ""recipient_raw"": ""Holappa & Posti & Strandberg & Vekki"", ""amount_raw"": ""€ 3.500"", ""agent_confidence"": 0.95, ""rule_score"": 1.0, ""chunk_id"": ""006"", ""run_id"": ""hubersaatio"", ""purpose"": ""Skenografi-pukusuunnittelijan ja äänisuunnittelijan työskentelyyn sekä kaivinkoneen kuljettaja palkkaan. Rahoituksella varmistetaan turvallinen ja riittävä harjoittelu kaivinkoneen kanssa sekä tarvittava aika ulkotiloissa tapahtuvan teoksen visuaalisen ja auditiivisen ilmeen luomiseen.""}"
hubersaatio,general,2026,"Iiris Hilden, Katja Sallinen ja Arttu Rintakumpu",group,Olohuone,"Olohuone on esityskonsepti yläkoulujen välitunneille. Projektin tavoitteena on luoda helposti lähestyttävä ja kevyesti liikuteltava esitysinstallaatio, joka yhdistää nykytanssia ja DJ-keikan. Teos leikittelee tanssin suhteella musiikkiin, vieraillen sekä tutuissa että yllättävissä maailmoissa.",3500,EUR,https://www.hubersaatio.fi/myonnetyt-apurahat/,"tanssi, esitystaide, musiikki",0.95,False,,"{""source_quote"": ""**Iiris Hilden, Katja Sallinen ja Arttu Rintakumpu** – € 3.500 – tanssi, esitystaide, musiikki"", ""extractor"": ""grantscrape/0.1"", ""foundation"": ""Samuel Huberin taidesäätiö"", ""recipient_raw"": ""Iiris Hilden, Katja Sallinen ja Arttu Rintakumpu"", ""amount_raw"": ""€ 3.500"", ""agent_confidence"": 0.95, ""rule_score"": 1.0, ""chunk_id"": ""006"", ""run_id"": ""hubersaatio"", ""purpose"": ""Työryhmän jäsenten taiteelliseen työskentelyyn.""}"
hubersaatio,general,2026,Kaisa Lundán,individual,"Näytelmän ""Missä kiltit lapset kasvavat"" kirjoittamiseen","Missä kiltit lapset kasvavat on näytelmä väkivaltaisesta teinitytöstä. Näytelmä keskittyy tekijään ja siihen verkostoon jossa tekijä elää. Se tarkastelee miten väkivallantekijä syntyy, ja jatkaa olemassaoloaan pitkään sen jälkeen, kun itse teko on ohi.",2000,EUR,https://www.hubersaatio.fi/myonnetyt-apurahat/,teatteri,0.85,False,,"{""source_quote"": ""**Kaisa Lundán** – € 2.000 – teatteri"", ""extractor"": ""grantscrape/0.1"", ""foundation"": ""Samuel Huberin taidesäätiö"", ""recipient_raw"": ""Kaisa Lundán"", ""amount_raw"": ""€ 2.000"", ""agent_confidence"": 0.85, ""rule_score"": 1.0, ""notes"": ""First bullet reads as a purpose phrase rather than a standalone project title; kept as-is per bullet-order rule."", ""chunk_id"": ""007"", ""run_id"": ""hubersaatio"", ""purpose"": ""Apurahan aikainen työ koostuu haastatteluista, aineistonkeruusta ja kirjoitustyöstä.""}"
hubersaatio,general,2026,Katerina Repponen,individual,Nykysirkusesitys Pause & Flow,"PAUSE & FLOW on nykysirkusesitys, joka paljastaa arjen pienet, merkitykselliset hetket. Se tutkii pysähtyneisyyttä, liikettä, tasapainoa ja muutosta, ja kutsuu pohtimaan elämän hetkiä. Esityksessä yhdistyvät liike, pariakrobatia, tanssi ja esinemanipulaatio. Lavalla: 2 esiintyjää, 1 teknikko.",2000,EUR,https://www.hubersaatio.fi/myonnetyt-apurahat/,sirkus,0.95,False,,"{""source_quote"": ""**Katerina Repponen** – € 2.000 – sirkus"", ""extractor"": ""grantscrape/0.1"", ""foundation"": ""Samuel Huberin taidesäätiö"", ""recipient_raw"": ""Katerina Repponen"", ""amount_raw"": ""€ 2.000"", ""agent_confidence"": 0.95, ""rule_score"": 1.0, ""chunk_id"": ""005"", ""run_id"": ""hubersaatio"", ""purpose"": ""Valosuunnittelun toteuttaminen esitykseen PAUSE & FLOW. Apuraha kattaa kahden viikon työskentelyn työryhmän kanssa, valosuunnitelman laatimisen, harjoitukset ja ensi-illan valotekniikan.""}"
hubersaatio,general,2026,Kummitustalo-kollektiivi,group,Elävät aaveet,"Monitaiteellinen Kummitustalo-kollektiivi perustettiin kesällä 2025 ja sen muodostavat neljä neljä eri ikäistä ja eri taustaista queer-taiteilijaa, joita yhdistävät samankaltaiset kokemukset toiseudesta ja näkymättömyydestä, ja näitä teemoja tutkitaan ja ruumiillistetaan aaveuden teeman kautta. Kollektiivi työstää paikkasidonnaista nykytanssiteosta, jonka esitykset ulottuvat Lappiin saakka.",3500,EUR,https://www.hubersaatio.fi/myonnetyt-apurahat/,"tanssi, esitystaide, musiikki",0.95,False,,"{""source_quote"": ""**Kummitustalo-kollektiivi** – € 3.500 – tanssi, esitystaide, musiikki"", ""extractor"": ""grantscrape/0.1"", ""foundation"": ""Samuel Huberin taidesäätiö"", ""recipient_raw"": ""Kummitustalo-kollektiivi"", ""amount_raw"": ""€ 3.500"", ""agent_confidence"": 0.95, ""rule_score"": 1.0, ""chunk_id"": ""006"", ""run_id"": ""hubersaatio"", ""purpose"": ""Paikkasidonnaisen ja monitaiteellisen Elävät aaveet (työnimi) nykytanssiteoksen taiteelliseen ennakkosuunnitteluun ja taiteellisen työskentelyn aloittamiseen elokuussa 2026.""}"
hubersaatio,general,2026,Laura Rämä,individual,Syntipukki,"Syntipukki on seremoniallinen tapahtuma ja esitys, joka päivittää joulupukin hahmon ympäristökriisin aikakaudelle. Se kysyy, millaista pukkia tarvitsemme nyt ja tulevaisuudessa? Esitys palaa vanhaan nuuttipukkiperinteeseen, jossa pukki oli groteski, käänteinen ja karnevalistinen hahmo: pukki ei tuonut lahjoja eikä rauhaa, vaan vei pois joulun sekä hätisti pahat henget pois.Syntipukin juuret ovat Laura Rämän pitkäaikaisessa Pukki-hahmossa.",3500,EUR,https://www.hubersaatio.fi/myonnetyt-apurahat/#esitystaide,"esitystaide, musiikki, teatteri",0.95,False,,"{""source_quote"": ""**Laura Rämä** – € 3.500 – esitystaide, musiikki, teatteri"", ""extractor"": ""grantscrape/0.1"", ""foundation"": ""Samuel Huberin taidesäätiö"", ""recipient_raw"": ""Laura Rämä"", ""amount_raw"": ""€ 3.500"", ""agent_confidence"": 0.95, ""rule_score"": 1.0, ""chunk_id"": ""002"", ""run_id"": ""hubersaatio"", ""purpose"": ""Esityksen valmistamiseen: äänitekniikan, puvustuksen ja musiikin (+sävellystyön) kuluihin.""}"
hubersaatio,general,2026,Läsnä -yhtye,group,Läsnä – Närvande,"Läsnä on livesävelletty teos kaikesta siitä mikä on läsnä tässä hetkessä. Tämän tilasidonnaisen teoksen konseptin on kehittänyt ja sitä johtaa säveltäjä Sonja Korkman. Yhtyeeseen kuuluu: Turkka Inkilä – huilu, Jaime Estévez Moreira – saksofoni, Lambis Pavlou – piano ja Jasu Aalto – kontrabasso.",3500,EUR,https://www.hubersaatio.fi/myonnetyt-apurahat/,musiikki,0.95,False,,"{""source_quote"": ""**Läsnä -yhtye** – € 3.500 – musiikki"", ""extractor"": ""grantscrape/0.1"", ""foundation"": ""Samuel Huberin taidesäätiö"", ""recipient_raw"": ""Läsnä -yhtye"", ""amount_raw"": ""€ 3.500"", ""agent_confidence"": 0.95, ""rule_score"": 1.0, ""chunk_id"": ""004"", ""run_id"": ""hubersaatio"", ""purpose"": ""Apurahaa käytetään kattamaan osa muusikoiden työskentelystä. Työskentely sisältää kolmen viikon harjoitusajan sekä 2–3 konserttia.""}"
hubersaatio,general,2026,Maija Viipuri ja työryhmä,group,Ja ihan vaan rehellinen (työnimi),"Teos, jossa ruumiillistuu ja tilallistuu Emma ja Matilda -duon albumi ”Jos mä oisin rehellinen”. Näyttämöteos ”Ja ihan vaan rehellinen” luo vaihtoehtoisen tavan olla kollektiivisesti musiikin äärellä.",3500,EUR,https://www.hubersaatio.fi/myonnetyt-apurahat/,tanssi,0.95,False,,"{""source_quote"": ""**Maija Viipuri ja työryhmä** – € 3.500 – tanssi"", ""extractor"": ""grantscrape/0.1"", ""foundation"": ""Samuel Huberin taidesäätiö"", ""recipient_raw"": ""Maija Viipuri ja työryhmä"", ""amount_raw"": ""€ 3.500"", ""agent_confidence"": 0.95, ""rule_score"": 1.0, ""chunk_id"": ""006"", ""run_id"": ""hubersaatio"", ""purpose"": ""Työryhmän työskentelyyn ensimmäisellä työskentelyperiodilla sekä demoesityksen valmistamiseen ja esittämiseen.""}"
hubersaatio,general,2026,Matias Salmenaho,individual,Why? – Draamadokumentti sirkustaiteilijan ammatista Suomessa ja maailmalla.,"Dokumenttisarja joka kertoo sirkustaiteilijan ammatista karuista oloista glamouriin. Moni ei uskoisi mitä tämä työ pitää sisällään ja siitä myös hyvin harvoin puhutaan. Yleisö näkee vain sen mitä lavalla tapahtuu lyhyen hetken ja kaikki muu jää arvoitukseksi. Tässä dokumenttisarjassa kerrotaan eri sirkustaiteilijoiden tarinoita kuvien, videoiden ja haastattelujen avulla.",2000,EUR,https://www.hubersaatio.fi/myonnetyt-apurahat/,"sirkus, esitystaide, musiikki, teatteri",0.95,False,,"{""source_quote"": ""**Matias Salmenaho** – € 2.000 – sirkus, esitystaide, musiikki, teatteri"", ""extractor"": ""grantscrape/0.1"", ""foundation"": ""Samuel Huberin taidesäätiö"", ""recipient_raw"": ""Matias Salmenaho"", ""amount_raw"": ""€ 2.000"", ""agent_confidence"": 0.95, ""rule_score"": 1.0, ""chunk_id"": ""005"", ""run_id"": ""hubersaatio"", ""purpose"": ""Dokumenttisarjan pilottijakson kuvaamiseen sekä editoimiseen. Ensimmäisessä jaksossa on vieraana Tukholmassa asuva amerikkalainen jonglööri Jay Gilligan ja haastattelijana/isäntänä toimii Matias Salmenaho.""}"
hubersaatio,general,2026,Mia Seppälä,individual,Hyvinvoinnin sisäistäminen – sanaton performanssi,"Sanaton performanssi Kalasataman hyvinvointikeskuksen edessä: poistan tulostetusta julkisivukuvasta sanan ”hyvinvointi” nesteen avulla ja nielen poistetun materiaalin. Teos tarkastelee, miten instituutioiden viestit siirtyvät kuvasta kehoon ja muuntuvat keholliseksi kokemukseksi — miten merkitys “sisäistyy” kirjaimellisesti ja kuvallisesti.",1300,EUR,https://www.hubersaatio.fi/myonnetyt-apurahat/#esitystaide,esitystaide,0.95,False,,"{""source_quote"": ""**Mia Seppälä** – € 1.300 – esitystaide"", ""extractor"": ""grantscrape/0.1"", ""foundation"": ""Samuel Huberin taidesäätiö"", ""recipient_raw"": ""Mia Seppälä"", ""amount_raw"": ""€ 1.300"", ""agent_confidence"": 0.95, ""rule_score"": 1.0, ""chunk_id"": ""002"", ""run_id"": ""hubersaatio"", ""purpose"": ""Apuraha kattaa performanssin valmistelun: esityspaikan ennakkokartoituksen ja kuvauksen, materiaalien hankinnan, performanssin toteutuksen ja dokumentoinnin.""}"
hubersaatio,general,2026,Mikko Siirola,individual,Klassinen kitara kirjastossa -kiertue,Tavoitteena on lisätä kitaralle sävelletyn taidemusiikin tunnettuutta ja parantaa sen saavutettavuutta tuomalla konsertit perinteisten konserttisalien ulkopuolelle. Konsertit sisältävät myös yleisötyötä: esittelen soitinta ja sen ohjelmistoa sekä keskustelen yleisön kanssa.,2000,EUR,https://www.hubersaatio.fi/myonnetyt-apurahat/,musiikki,0.9,False,,"{""source_quote"": ""**Mikko Siirola** – € 2.000 – musiikki"", ""extractor"": ""grantscrape/0.1"", ""foundation"": ""Samuel Huberin taidesäätiö"", ""recipient_raw"": ""Mikko Siirola"", ""amount_raw"": ""€ 2.000"", ""agent_confidence"": 0.9, ""rule_score"": 1.0, ""notes"": ""Bullet order here reads more like purpose/description/purpose than title/description/purpose; mapped by position per rule."", ""chunk_id"": ""004"", ""run_id"": ""hubersaatio"", ""purpose"": ""Klassisen kitaran konserttikiertue kirjastoihin Suomen alueella.""}"
hubersaatio,general,2026,Minna Koskenlahti,individual,Sooloalbumin valmistamiseen,"Mytty-albumi on lyömäsoittimilla soitettua kokeellista, yhteiskuntakriittistä instrumentaalimusiikkia. Levy käsittelee teemoja vallasta, väkivallasta ja pelon tunteen käyttämisestä poliittisena välineenä sekä pohtii, miten historian tapahtumat ovat läsnä tässä päivässä.Levyn äänittää ja miksaa Motoki Tanizawa Hoshi To Niji -studiossa Kobuchizawassa Japanissa. Levyn julkaisee ato.archives.",2000,EUR,https://www.hubersaatio.fi/myonnetyt-apurahat/,musiikki,0.85,False,,"{""source_quote"": ""**Minna Koskenlahti** – € 2.000 – musiikki"", ""extractor"": ""grantscrape/0.1"", ""foundation"": ""Samuel Huberin taidesäätiö"", ""recipient_raw"": ""Minna Koskenlahti"", ""amount_raw"": ""€ 2.000"", ""agent_confidence"": 0.85, ""rule_score"": 1.0, ""notes"": ""First bullet reads as purpose-like phrasing ('Sooloalbumin valmistamiseen') rather than a distinct title; mapped to project_title by position per rule."", ""chunk_id"": ""004"", ""run_id"": ""hubersaatio"", ""purpose"": ""Katan apurahalla soololevyn valmistamisen matka- ja majoituskuluja sekä Hoshi To Niji -studion tilavuokran neljäksi päiväksi.""}"
hubersaatio,general,2026,"Mustonen, Mäki ja työryhmä",group,Date Night – nykynäyttämöesitys,"Date Night on epäkonventionaalinen ensitreﬃkuvaelma kahdelle esiintyjälle sekä virtuaaliselle lapsikuorolle. Työprosessimme tutkii vierautta, intiimiyttä, tutustumista ja seksuaalisuutta valvontakapitalismin ja algoritmien ylläpitämässä sosiaalisessa todellisuudessa.",3500,EUR,https://www.hubersaatio.fi/myonnetyt-apurahat/,"teatteri, tanssi, esitystaide",0.9,False,,"{""source_quote"": ""**Mustonen, Mäki ja työryhmä** – € 3.500 – teatteri, tanssi, esitystaide"", ""extractor"": ""grantscrape/0.1"", ""foundation"": ""Samuel Huberin taidesäätiö"", ""recipient_raw"": ""Mustonen, Mäki ja työryhmä"", ""amount_raw"": ""€ 3.500"", ""agent_confidence"": 0.9, ""rule_score"": 1.0, ""chunk_id"": ""007"", ""run_id"": ""hubersaatio"", ""purpose"": ""Taiteellinen työskentely työryhmän jäsenille, deittailua valvontakapitalistisessa todellisuudessa käsittelevän esityksen valmistamiseen. Esitys saa ensi-iltansa Viirus teatterilla helmikuussa 2027.""}"
hubersaatio,general,2026,Oblivia & KlangLab,group,Dreaming Turtles,"Dreaming Turtles on taiteen ja mielikuvituksen voimaa korostava musiikkiteatteriesitys, jossa toiminta, toivo ja yhteisöllisyys tarjoavat vastaliikkeen tälle sekavalle ajalle. Esitys yhdistää esitystaiteen sekä elävän ja elektronisen musiikin yhteistyössä säveltäjä Yiran Zhaon ja sveitsiläisen KlangLab Ensemblen kanssa. Teos on osa ihmisen vaikutusta maailmaan luotaavaa Turn Turtle Turn -sarjaa.",3500,EUR,https://www.hubersaatio.fi/myonnetyt-apurahat/#esitystaide,"esitystaide, musiikki",0.95,False,,"{""source_quote"": ""**Oblivia & KlangLab** – € 3.500 – esitystaide, musiikki"", ""extractor"": ""grantscrape/0.1"", ""foundation"": ""Samuel Huberin taidesäätiö"", ""recipient_raw"": ""Oblivia & KlangLab"", ""amount_raw"": ""€ 3.500"", ""agent_confidence"": 0.95, ""rule_score"": 1.0, ""chunk_id"": ""002"", ""run_id"": ""hubersaatio"", ""purpose"": ""Apuraha kohdennetaan ryhmän freelancereiden palkkioihin.""}"
hubersaatio,general,2026,Petri Karra,individual,Minua ei enää ole — puheenvuoroja lähisuhdeväkivallasta,"Minua ei enää ole— puheenvuoroja lähisuhdeväkivallasta on dokumentaarinen, traumatietoisesti rakennettu näyttämöteos, jossa lähisuhdeväkivaltaa kokeneet ja sitä käyttäneet aikuiset tuovat omat äänensä näyttämölle turvallisessa devising-prosessissa.",2000,EUR,https://www.hubersaatio.fi/myonnetyt-apurahat/,teatteri,0.95,False,,"{""source_quote"": ""**Petri Karra** – € 2.000 – teatteri"", ""extractor"": ""grantscrape/0.1"", ""foundation"": ""Samuel Huberin taidesäätiö"", ""recipient_raw"": ""Petri Karra"", ""amount_raw"": ""€ 2.000"", ""agent_confidence"": 0.95, ""rule_score"": 1.0, ""chunk_id"": ""007"", ""run_id"": ""hubersaatio"", ""purpose"": ""“Minua ei enää ole” -produktion varhaiseen kehitysvaiheeseen, jonka konkreettinen lopputulos on: Konseptin ja dramaturgisen rakenteen ensimmäinen kirjallinen muoto, kumppanuuksien ja turvallisuuskehyksen lukitseminen.""}"
hubersaatio,general,2026,Porvoon Kulttuurilaiva ry.,organization,Saamelaisen muusiikin ja kulttuurin ilta Porvoon Kulttuurilaivalla,"Haluamme tuoda saamelaisen musiikin huippuja Kulttuurilaivan lavalle, ja samalla levittää tietoisuuttaa saamelaisuuteen liittyvistä ajankohteista asioista ja haasteista. Tapahtuma olisi musiikkipainoitteinen mutta aiomme mahdollisuuksien mukaan myös sisällyttää sanomaa, joko puhujien tai dialogien avulla.",3500,EUR,https://www.hubersaatio.fi/myonnetyt-apurahat/,"musiikki, esitystaide",0.95,False,,"{""source_quote"": ""**Porvoon Kulttuurilaiva ry.** – € 3.500 – musiikki, esitystaide"", ""extractor"": ""grantscrape/0.1"", ""foundation"": ""Samuel Huberin taidesäätiö"", ""recipient_raw"": ""Porvoon Kulttuurilaiva ry."", ""amount_raw"": ""€ 3.500"", ""agent_confidence"": 0.95, ""rule_score"": 1.0, ""chunk_id"": ""004"", ""run_id"": ""hubersaatio"", ""purpose"": ""Käytämme apurahoja suoraan artistien palkkioihin ja matkakuluihin.""}"
hubersaatio,general,2026,Ruumiiden kaiut -työryhmä,group,Ruumiiden kaiut,"Ruumiiden kaiut on näyttelijä Anssi Niemen uusi näyttämösoolo, joka sijoittuu syksyiselle hautausmaalle. Entinen näyttelijä, nykyinen hautausmaatyöntekijä käy läpi suhdettaan elämäänsä koskettaneisiin ruumiisiin, eläviin ja kuolleisiin. Ruumiiden kaiut on arkinen ja ihmeellinen esitys kuolemasta ja seksistä, jossa hautausmaan hartaus ja arkisuus kohtaavat maagisen ja himokkaan.",3500,EUR,https://www.hubersaatio.fi/myonnetyt-apurahat/,"teatteri, tanssi",0.95,False,,"{""source_quote"": ""**Ruumiiden kaiut -työryhmä** – € 3.500 – teatteri, tanssi"", ""extractor"": ""grantscrape/0.1"", ""foundation"": ""Samuel Huberin taidesäätiö"", ""recipient_raw"": ""Ruumiiden kaiut -työryhmä"", ""amount_raw"": ""€ 3.500"", ""agent_confidence"": 0.95, ""rule_score"": 1.0, ""chunk_id"": ""007"", ""run_id"": ""hubersaatio"", ""purpose"": ""Haen rahoitusta Ruumiiden kaiut -työryhmän aloitustyöpajaan, joka pidetään kevät-kesällä 2026. Viiden päivän aikana on tarkoitus testata kirjoitettua tekstiä näyttämöllisesti ja tutkia, millaisen suhteen se voisi ottaa muihin esityksellisiin elementteihin: ääneen, tilaan, valoon ja liikkeeseen.""}"
hubersaatio,general,2026,Salla Talvikki Nieminen,individual,Sidokset (työnimi),"Sidokset on monipäiväinen performanssi, jossa kudon hitaasti kangaspuilla huivin, jonka mallina on teollisesti kudottu huivi. Esityksellä kysyn, millaiset kehon liikkeet, käsityöläisten arkiset tanssit, ovat uhanalaisia maailmassa, jossa lähes kaikki valmistetaan teollisesti. Esityksessä kankaankudonnan kehollisuus, tanssi kutojan ja kangaspuiden välillä, nostetaan lavalle säilyttämisen arvoisena.",2000,EUR,https://www.hubersaatio.fi/myonnetyt-apurahat/#esitystaide,"esitystaide, tanssi",0.95,False,,"{""source_quote"": ""**Salla Talvikki Nieminen** – € 2.000 – esitystaide, tanssi"", ""extractor"": ""grantscrape/0.1"", ""foundation"": ""Samuel Huberin taidesäätiö"", ""recipient_raw"": ""Salla Talvikki Nieminen"", ""amount_raw"": ""€ 2.000"", ""agent_confidence"": 0.95, ""rule_score"": 1.0, ""chunk_id"": ""002"", ""run_id"": ""hubersaatio"", ""purpose"": ""Apuraha käytetään työskentelyyn (esityksen valmistelu ja esittäminen), esityksen matka-, majoitus- ja materiaalikuluihin sekä esitysavustajan palkkioon.""}"
hubersaatio,general,2026,Sananveisto -työryhmä,group,Sananveisto -esitys (työnimi),"Sananveisto -esitys on puhumalla kirjoittamiselle rakentuva improvisatorinen esitystaiteen, teatterin ja kirjoittamisen välimaastossa tapahtuva esitys, ensi-ilta alkuvuonna 2027.",3500,EUR,https://www.hubersaatio.fi/myonnetyt-apurahat/#esitystaide,"esitystaide, teatteri",0.95,False,,"{""source_quote"": ""**Sananveisto -työryhmä** – € 3.500 – esitystaide, teatteri"", ""extractor"": ""grantscrape/0.1"", ""foundation"": ""Samuel Huberin taidesäätiö"", ""recipient_raw"": ""Sananveisto -työryhmä"", ""amount_raw"": ""€ 3.500"", ""agent_confidence"": 0.95, ""rule_score"": 1.0, ""chunk_id"": ""002"", ""run_id"": ""hubersaatio"", ""purpose"": ""Apuraha käytetään esityksen tuotantokuluihin.""}"
hubersaatio,general,2026,Sanna Hento,individual,Suomi näyttämönä – tanssien Suomen halki,"Suomi näyttämönä on seikkailunhaluinen ja rohkea sekä osallistava sooloteos, jossa kuljen tanssimalla 1500 km Helsingistä Utsjoelle. Matka etenee maanteillä, poluilla, kaupungeissa ja kylissä, metsissä, pelloilla, vaaroilla ja tuntureilla tanssien jokaisen askeleen. Teos toteutuu ihmisten ja yhteisöjen keskellä, matkalla, mahdollistaen matalan kynnyksen osallistumisen.",2000,EUR,https://www.hubersaatio.fi/myonnetyt-apurahat/,"tanssi, esitystaide",0.95,False,,"{""source_quote"": ""**Sanna Hento** – € 2.000 – tanssi, esitystaide"", ""extractor"": ""grantscrape/0.1"", ""foundation"": ""Samuel Huberin taidesäätiö"", ""recipient_raw"": ""Sanna Hento"", ""amount_raw"": ""€ 2.000"", ""agent_confidence"": 0.95, ""rule_score"": 1.0, ""chunk_id"": ""006"", ""run_id"": ""hubersaatio"", ""purpose"": ""Taiteellinen työskentely""}"
hubersaatio,general,2026,Shaghayegh Ansari & Aref Houshmandnia,group,Kirjeitä keittiölleni,"”Kirjeitä keittiölleni” on osallistava performanssitaiteen sarja, joka tarkastelee keittiön käsitettä arjen elämän, muistin ja piilevien ekologisten politiikkojen elävänä arkistona. Tilannesidonnaisten kirjoittamisen käytäntöjen kautta, jotka kohdistuvat esineisiin ja kodin tiloihin, projekti tarkastelee kriittisesti nykyajan suhteita kulutukseen, kehoon ja muistiin.",3500,EUR,https://www.hubersaatio.fi/myonnetyt-apurahat/#esitystaide,esitystaide,0.95,False,,"{""source_quote"": ""**Shaghayegh Ansari & Aref Houshmandnia** – € 3.500 – esitystaide"", ""extractor"": ""grantscrape/0.1"", ""foundation"": ""Samuel Huberin taidesäätiö"", ""recipient_raw"": ""Shaghayegh Ansari & Aref Houshmandnia"", ""amount_raw"": ""€ 3.500"", ""agent_confidence"": 0.95, ""rule_score"": 1.0, ""chunk_id"": ""002"", ""run_id"": ""hubersaatio"", ""purpose"": ""Projektin suunnittelu- ja kehitysvaiheen työskentelykulujen kattamiseen, mukaan lukien videoiden editointi sekä esitystekstin kirjoittaminen ja viimeistely.""}"
hubersaatio,general,2026,Sonja Kuittinen,individual,Keskusteluja pehmolelujen kanssa (työnimi),"”Keskusteluja pehmolelujen kanssa” on monologiesityksen käsikirjoitushanke alkoholistin aikuisen lapsen kokemuksesta käsin. Prosessi tarkastelee näkyväksi tulemisen ja häpeän teemoja: miten kehossa vuosikymmeniä kulkeneet, vaietut tuntemukset voivat muuttua sanoiksi ja näyttämölliseksi ilmaisuksi.",2000,EUR,https://www.hubersaatio.fi/myonnetyt-apurahat/,"teatteri, esitystaide",0.95,False,,"{""source_quote"": ""**Sonja Kuittinen** – € 2.000 – teatteri, esitystaide"", ""extractor"": ""grantscrape/0.1"", ""foundation"": ""Samuel Huberin taidesäätiö"", ""recipient_raw"": ""Sonja Kuittinen"", ""amount_raw"": ""€ 2.000"", ""agent_confidence"": 0.95, ""rule_score"": 1.0, ""chunk_id"": ""007"", ""run_id"": ""hubersaatio"", ""purpose"": ""Apuraha käytetään yhden kuukauden intensiiviseen käsikirjoitustyöhön, taiteelliseen tutkimukseen ja haastattelumateriaalin työstämiseen. Tavoitteena on monologiesityksen käsikirjoituksen hahmottuminen ja eteneminen kohti ensimmäistä versiota.""}"
hubersaatio,general,2026,Susanna Kuparisen politiikkakollektiivi,group,Gaza – Lännen hiljaisuus (työnimi),"”Gaza – Lännen hiljaisuus” on vahvasti ajassa kiinni oleva yhteiskunnallinen teatteriesitys, jossa hyödynnetään taiteen keinoja, tieteellistä tutkimusta ja tutkivan journalismin lähdemateriaalia. Uskomme, että objektiivinen tutkimustieto yhdistettynä teatteritaiteeseen on tehokas keino selittää vaikeakin aihe, voimauttaa yleisöä ja vaikuttaa yhteiskuntaan.",3000,EUR,https://www.hubersaatio.fi/myonnetyt-apurahat/,teatteri,0.85,False,,"{""source_quote"": ""**Susanna Kuparisen politiikkakollektiivi** – € 3.000 – teatteri"", ""extractor"": ""grantscrape/0.1"", ""foundation"": ""Samuel Huberin taidesäätiö"", ""recipient_raw"": ""Susanna Kuparisen politiikkakollektiivi"", ""amount_raw"": ""€ 3.000"", ""agent_confidence"": 0.85, ""rule_score"": 1.0, ""notes"": ""Recipient is a named collective; classified as group though it functions like a named production entity."", ""chunk_id"": ""007"", ""run_id"": ""hubersaatio"", ""purpose"": ""Esitys nojautuu vahvasti audiovisuaaliseen lähdemateriaaliin. Apurahalla on tarkoitus tuoda audiovisuaalisuus orgaaniseksi, informatiiviseksi ja taiteellisesti korkeatasoiseksi osaksi teatteriesitystä. Apuraha jakautuu audiovisuaalisen suunnittelijan, ohjaajan ja tuottajan kesken.""}"
hubersaatio,general,2026,TTRROOUUBBLLEE,group,TTRROOUUBBLLEE [double trouble],"TTRROOUUBBLLEE [double trouble] on duetto tanssijalle ja runoilijalle. Sen aihe on esikuvan jäljittely. Aiheensa kautta esitys syvenee pohtimaan riittämättömyyden tunnetta ja kilpailua, sekä ihmisen halun seurauksia suhteessa omaan identiteettiin ja elinympäristöön.",2500,EUR,https://www.hubersaatio.fi/myonnetyt-apurahat/,"tanssi, esitystaide",0.95,False,,"{""source_quote"": ""**TTRROOUUBBLLEE** – € 2.500 – tanssi, esitystaide"", ""extractor"": ""grantscrape/0.1"", ""foundation"": ""Samuel Huberin taidesäätiö"", ""recipient_raw"": ""TTRROOUUBBLLEE"", ""amount_raw"": ""€ 2.500"", ""agent_confidence"": 0.95, ""rule_score"": 1.0, ""chunk_id"": ""006"", ""run_id"": ""hubersaatio"", ""purpose"": ""Työryhmän residenssityöskentelyyn 23.2.-6.3.2026, Zodiak – Uuden tanssin keskus/ Helsinki. Työprosessia motivoivat erilaiset sanan ja liikkeen yhteensovittamisen keinot osana kehollisen esityksen kontekstia.""}"
hubersaatio,general,2026,Tara Jovana Valkonen,individual,The Death of Eros,"Musiikki-varjoteatterin kirjoittamiseen, säveltämiseen ja toteutukseen tanskalaisen NEKO3-yhtyeen kanssa keväällä ja kesällä 2026. Kantaesitys Kööpenhaminassa elokuussa 2026.",2000,EUR,https://www.hubersaatio.fi/myonnetyt-apurahat/,"musiikki, teatteri, esitystaide",0.85,False,,"{""source_quote"": ""**Tara Jovana Valkonen** – € 2.000 – musiikki, teatteri, esitystaide"", ""extractor"": ""grantscrape/0.1"", ""foundation"": ""Samuel Huberin taidesäätiö"", ""recipient_raw"": ""Tara Jovana Valkonen"", ""amount_raw"": ""€ 2.000"", ""agent_confidence"": 0.85, ""rule_score"": 1.0, ""notes"": ""Second and third bullets appear to be description/purpose content swapped relative to typical usage; mapped by position per rule."", ""chunk_id"": ""004"", ""run_id"": ""hubersaatio"", ""purpose"": ""Uusi teos jatkaa helmikuussa 2025 Itävallassa IMPULS-festivaalilla esitetyn teokseni Deeds of Libra Goddess#5:n jalanjäljillä, mutta nyt moniuloitteisemmin ja pidemmällä luomis- sekä harjoitusperiodilla. Haen apurahaa kirjoitustyöhön sekä aputyövoiman palkkioihin (mm. dramaturgin apu, elektroniikka).""}"
hubersaatio,general,2026,Teaterföreningen Blaue Frau rf,organization,Marknadsföringsplattform för fria grupper,Under det senaste åren har konkreta nedskärningar och en allmänt kulturfientlig attityd gjort det ännu svårare för mindre aktörer att nå ut till publik. Vi vill därför starta upp en gemensam marknadsföringsplattform tillsammans med andra fria grupper.,3500,EUR,https://www.hubersaatio.fi/myonnetyt-apurahat/#esitystaide,"live art, teater, dans",0.95,False,,"{""source_quote"": ""**Teaterföreningen Blaue Frau rf** – € 3.500 – live art, teater, dans"", ""extractor"": ""grantscrape/0.1"", ""foundation"": ""Samuel Huberin taidesäätiö"", ""recipient_raw"": ""Teaterföreningen Blaue Frau rf"", ""amount_raw"": ""€ 3.500"", ""agent_confidence"": 0.95, ""rule_score"": 1.0, ""chunk_id"": ""002"", ""run_id"": ""hubersaatio"", ""purpose"": ""För att förverkliga plattformen.""}"
hubersaatio,general,2026,The Friends of Dorothy,group,Happy Holigays 2026,"Happy Holigays on The Friends of Dorothyn järjestämä joulutapahtuma, joka sisältää yhtyeen konsertin lisäksi yhteislaulutilaisuuden – varsinaisen joululaulujen (ilo)tulituksen. Joululauluja lauletaan sekä kauniisti herkistellen että voimallisesti huutaen yhtyeen lyyrisessä punk-hengessä. The Friends of Dorothy on vuodesta 2018 toiminut queer a cappella -lauluyhtye, joka yhdistää musiikin, sanataiteen ja aktivismin.",3500,EUR,https://www.hubersaatio.fi/myonnetyt-apurahat/,"musiikki, teatteri, esitystaide",0.9,False,,"{""source_quote"": ""**The Friends of Dorothy** – € 3.500 – musiikki, teatteri, esitystaide"", ""extractor"": ""grantscrape/0.1"", ""foundation"": ""Samuel Huberin taidesäätiö"", ""recipient_raw"": ""The Friends of Dorothy"", ""amount_raw"": ""€ 3.500"", ""agent_confidence"": 0.9, ""rule_score"": 1.0, ""notes"": ""Recipient is a named group; classified as group rather than organization."", ""chunk_id"": ""004"", ""run_id"": ""hubersaatio"", ""purpose"": ""Apurahalla katamme osan The Friends of Dorothyn esiintymispalkkioista, KokoTeatterin tilavuokran (sis valo- ja äänitekniikka sekä lipunmyynti- ja aulapalvelut), yhtyeen ohjelmiston uudistaminen (uuden sovituksen tilaaminen) sekä tapahtuman tekijänoikeuskulut.""}"
suomen-tietokirjailijat,apurahat-esikoistietokirjan-kirjoittamiseen,2026,Aalto Henri,individual,"Peli pelin sisällä – esseitä jalkapallosta, kehosta ja mielestä",,2000,EUR,https://www.suomentietokirjailijat.fi/kirjailijalle/apurahat/myonnetyt-apurahat/kevaan-apurahansaajat/,,0.9,False,,"{""source_quote"": ""**Aalto Henri**, Helsinki | Peli pelin sisällä – esseitä jalkapallosta, kehosta ja mielestä (2 000)"", ""extractor"": ""grantscrape/0.1"", ""foundation"": ""Suomen tietokirjailijat ry"", ""recipient_raw"": ""Aalto Henri"", ""amount_raw"": ""2 000"", ""agent_confidence"": 0.9, ""rule_score"": 1.0, ""notes"": ""No explicit purpose text beyond the project title; title inferred to fill both fields."", ""chunk_id"": ""001"", ""run_id"": ""suomen-tietokirjailijat""}"
suomen-tietokirjailijat,apurahat-esikoistietokirjan-kirjoittamiseen,2026,Aaltonen Jenni,individual,Mielivallan rajalla – ihmisoikeudet ja psykiatria,,2000,EUR,https://www.suomentietokirjailijat.fi/kirjailijalle/apurahat/myonnetyt-apurahat/kevaan-apurahansaajat/,,0.9,False,,"{""source_quote"": ""**Aaltonen Jenni**, Helsinki | Mielivallan rajalla – ihmisoikeudet ja psykiatria (2 000)"", ""extractor"": ""grantscrape/0.1"", ""foundation"": ""Suomen tietokirjailijat ry"", ""recipient_raw"": ""Aaltonen Jenni"", ""amount_raw"": ""2 000"", ""agent_confidence"": 0.9, ""rule_score"": 1.0, ""chunk_id"": ""001"", ""run_id"": ""suomen-tietokirjailijat""}"
suomen-tietokirjailijat,apurahat-puolivuotiseen-tyoskentelyyn,2026,Alanko Teija,individual,"Tvilli, tweed ja kudottu kuva",,13000,EUR,https://www.suomentietokirjailijat.fi/kirjailijalle/apurahat/myonnetyt-apurahat/kevaan-apurahansaajat/,,0.95,False,,"{""source_quote"": ""**Alanko Teija**, Espoo | Tvilli, tweed ja kudottu kuva (13 000)"", ""extractor"": ""grantscrape/0.1"", ""foundation"": ""Suomen tietokirjailijat ry"", ""recipient_raw"": ""Alanko Teija"", ""amount_raw"": ""(13 000)"", ""agent_confidence"": 0.95, ""rule_score"": 1.0, ""chunk_id"": ""000"", ""run_id"": ""suomen-tietokirjailijat""}"
suomen-tietokirjailijat,apurahat-lasten-ja-nuorten-tietokirjan-kirjoittamiseen,2026,Avela Esa-Pekka,individual,Tarinallinen lintukirja lapsille,,4000,EUR,https://www.suomentietokirjailijat.fi/kirjailijalle/apurahat/myonnetyt-apurahat/kevaan-apurahansaajat/,,0.95,False,,"{""source_quote"": ""**Avela Esa-Pekka**, Pori | Tarinallinen lintukirja lapsille (4 000)"", ""extractor"": ""grantscrape/0.1"", ""foundation"": ""Suomen tietokirjailijat ry"", ""recipient_raw"": ""Avela Esa-Pekka"", ""amount_raw"": ""(4 000)"", ""agent_confidence"": 0.95, ""rule_score"": 1.0, ""chunk_id"": ""000"", ""run_id"": ""suomen-tietokirjailijat""}"
suomen-tietokirjailijat,apurahat-esikoistietokirjan-kirjoittamiseen,2026,Belskaia Alina,individual,Belarus i exil,,1000,EUR,https://www.suomentietokirjailijat.fi/kirjailijalle/apurahat/myonnetyt-apurahat/kevaan-apurahansaajat/,,0.9,False,,"{""source_quote"": ""**Belskaia Alina**, Heverlee | Belarus i exil (1 000)"", ""extractor"": ""grantscrape/0.1"", ""foundation"": ""Suomen tietokirjailijat ry"", ""recipient_raw"": ""Belskaia Alina"", ""amount_raw"": ""1 000"", ""agent_confidence"": 0.9, ""rule_score"": 1.0, ""chunk_id"": ""001"", ""run_id"": ""suomen-tietokirjailijat""}"
suomen-tietokirjailijat,apurahat-esikoistietokirjan-kirjoittamiseen,2026,Duval Kelly,individual,International women entrepreneurs: Building businesses and belonging in Finland,,2000,EUR,https://www.suomentietokirjailijat.fi/kirjailijalle/apurahat/myonnetyt-apurahat/kevaan-apurahansaajat/,,0.9,False,,"{""source_quote"": ""**Duval Kelly**, Espoo | International women entrepreneurs: Building businesses and belonging in Finland (2 000)"", ""extractor"": ""grantscrape/0.1"", ""foundation"": ""Suomen tietokirjailijat ry"", ""recipient_raw"": ""Duval Kelly"", ""amount_raw"": ""2 000"", ""agent_confidence"": 0.9, ""rule_score"": 1.0, ""chunk_id"": ""001"", ""run_id"": ""suomen-tietokirjailijat""}"
suomen-tietokirjailijat,apurahat-puolivuotiseen-tyoskentelyyn,2026,Enestam Sissi,individual,"Nainen, joka tiesi liikaa",,12000,EUR,https://www.suomentietokirjailijat.fi/kirjailijalle/apurahat/myonnetyt-apurahat/kevaan-apurahansaajat/,,0.95,False,,"{""source_quote"": ""**Enestam Sissi**, Helsinki| Nainen, joka tiesi liikaa (12 000)"", ""extractor"": ""grantscrape/0.1"", ""foundation"": ""Suomen tietokirjailijat ry"", ""recipient_raw"": ""Enestam Sissi"", ""amount_raw"": ""(12 000)"", ""agent_confidence"": 0.95, ""rule_score"": 1.0, ""chunk_id"": ""000"", ""run_id"": ""suomen-tietokirjailijat""}"
suomen-tietokirjailijat,apurahat-puolivuotiseen-tyoskentelyyn,2026,Enkenberg Ilkka,individual,Miksi lapsi ei mene kouluun?,,13000,EUR,https://www.suomentietokirjailijat.fi/kirjailijalle/apurahat/myonnetyt-apurahat/kevaan-apurahansaajat/,,0.95,False,,"{""source_quote"": ""**Enkenberg Ilkka**, Siuntio | Miksi lapsi ei mene kouluun? (13 000)"", ""extractor"": ""grantscrape/0.1"", ""foundation"": ""Suomen tietokirjailijat ry"", ""recipient_raw"": ""Enkenberg Ilkka"", ""amount_raw"": ""(13 000)"", ""agent_confidence"": 0.95, ""rule_score"": 1.0, ""chunk_id"": ""000"", ""run_id"": ""suomen-tietokirjailijat""}"
suomen-tietokirjailijat,apurahat-esikoistietokirjan-kirjoittamiseen,2026,Eshetu Magdalena,individual,Kahden maailman välissä,,2000,EUR,https://www.suomentietokirjailijat.fi/kirjailijalle/apurahat/myonnetyt-apurahat/kevaan-apurahansaajat/,,0.9,False,,"{""source_quote"": ""**Eshetu Magdalena**, Espoo | Kahden maailman välissä (2 000)"", ""extractor"": ""grantscrape/0.1"", ""foundation"": ""Suomen tietokirjailijat ry"", ""recipient_raw"": ""Eshetu Magdalena"", ""amount_raw"": ""2 000"", ""agent_confidence"": 0.9, ""rule_score"": 1.0, ""chunk_id"": ""001"", ""run_id"": ""suomen-tietokirjailijat""}"
suomen-tietokirjailijat,apurahat-puolivuotiseen-tyoskentelyyn,2026,Haapkylä Jessica,individual,Maailmanlopun safari,,13000,EUR,https://www.suomentietokirjailijat.fi/kirjailijalle/apurahat/myonnetyt-apurahat/kevaan-apurahansaajat/,,0.95,False,,"{""source_quote"": ""**Haapkylä Jessica**, Vihti | Maailmanlopun safari (13 000)"", ""extractor"": ""grantscrape/0.1"", ""foundation"": ""Suomen tietokirjailijat ry"", ""recipient_raw"": ""Haapkylä Jessica"", ""amount_raw"": ""(13 000)"", ""agent_confidence"": 0.95, ""rule_score"": 1.0, ""chunk_id"": ""000"", ""run_id"": ""suomen-tietokirjailijat""}"
suomen-tietokirjailijat,apurahat-puolivuotiseen-tyoskentelyyn,2026,Haikala Topias,individual,Suomen alueen kielihistoria keskiajalta nykypäivään (ja vähän tulevaisuuteenkin),,12000,EUR,https://www.suomentietokirjailijat.fi/kirjailijalle/apurahat/myonnetyt-apurahat/kevaan-apurahansaajat/,,0.95,False,,"{""source_quote"": ""**Haikala Topias**, Helsinki | Suomen alueen kielihistoria keskiajalta nykypäivään (ja vähän tulevaisuuteenkin) (12 000)"", ""extractor"": ""grantscrape/0.1"", ""foundation"": ""Suomen tietokirjailijat ry"", ""recipient_raw"": ""Haikala Topias"", ""amount_raw"": ""(12 000)"", ""agent_confidence"": 0.95, ""rule_score"": 1.0, ""chunk_id"": ""000"", ""run_id"": ""suomen-tietokirjailijat""}"
suomen-tietokirjailijat,apurahat-esikoistietokirjan-kirjoittamiseen,2026,Hallenberg Tommi,individual,"Rakkauden aika – Hippiliikkeen synty, huippu ja perintö",,2000,EUR,https://www.suomentietokirjailijat.fi/kirjailijalle/apurahat/myonnetyt-apurahat/kevaan-apurahansaajat/,,0.9,False,,"{""source_quote"": ""**Hallenberg Tommi**, Naantali | Rakkauden aika – Hippiliikkeen synty, huippu ja perintö (2 000)"", ""extractor"": ""grantscrape/0.1"", ""foundation"": ""Suomen tietokirjailijat ry"", ""recipient_raw"": ""Hallenberg Tommi"", ""amount_raw"": ""2 000"", ""agent_confidence"": 0.9, ""rule_score"": 1.0, ""chunk_id"": ""001"", ""run_id"": ""suomen-tietokirjailijat""}"
suomen-tietokirjailijat,apurahat-puolivuotiseen-tyoskentelyyn,2026,Hanski Jari,individual,Juho ja Maria Lallukka – Karjalaiset mesenaatit,,13000,EUR,https://www.suomentietokirjailijat.fi/kirjailijalle/apurahat/myonnetyt-apurahat/kevaan-apurahansaajat/,,0.95,False,,"{""source_quote"": ""**Hanski Jari**, Helsinki | Juho ja Maria Lallukka – Karjalaiset mesenaatit (13 000)"", ""extractor"": ""grantscrape/0.1"", ""foundation"": ""Suomen tietokirjailijat ry"", ""recipient_raw"": ""Hanski Jari"", ""amount_raw"": ""(13 000)"", ""agent_confidence"": 0.95, ""rule_score"": 1.0, ""chunk_id"": ""000"", ""run_id"": ""suomen-tietokirjailijat""}"
suomen-tietokirjailijat,apurahat-esikoistietokirjan-kirjoittamiseen,2026,Hattar Hanna,individual,Katja Mäntyniemen elämäkerta,,2000,EUR,https://www.suomentietokirjailijat.fi/kirjailijalle/apurahat/myonnetyt-apurahat/kevaan-apurahansaajat/,,0.9,False,,"{""source_quote"": ""**Hattar Hanna**, Vaasa | Katja Mäntyniemen elämäkerta (2 000)"", ""extractor"": ""grantscrape/0.1"", ""foundation"": ""Suomen tietokirjailijat ry"", ""recipient_raw"": ""Hattar Hanna"", ""amount_raw"": ""2 000"", ""agent_confidence"": 0.9, ""rule_score"": 1.0, ""chunk_id"": ""001"", ""run_id"": ""suomen-tietokirjailijat""}"
suomen-tietokirjailijat,apurahat-puolivuotiseen-tyoskentelyyn,2026,Heinilä Harri,individual,Jacob ’Jaakko’ Furman – Swingin pohjoinen ulottuvuus,,12000,EUR,https://www.suomentietokirjailijat.fi/kirjailijalle/apurahat/myonnetyt-apurahat/kevaan-apurahansaajat/,,0.95,False,,"{""source_quote"": ""**Heinilä Harri**, Helsinki | Jacob ’Jaakko’ Furman – Swingin pohjoinen ulottuvuus (12 000)"", ""extractor"": ""grantscrape/0.1"", ""foundation"": ""Suomen tietokirjailijat ry"", ""recipient_raw"": ""Heinilä Harri"", ""amount_raw"": ""(12 000)"", ""agent_confidence"": 0.95, ""rule_score"": 1.0, ""chunk_id"": ""000"", ""run_id"": ""suomen-tietokirjailijat""}"
suomen-tietokirjailijat,apurahat-esikoistietokirjan-kirjoittamiseen,2026,Heiniö Outi,individual,Vaihdevuosijoogaa – opas vaihdevuosioireiden helpottamiseen joogan avulla,,1000,EUR,https://www.suomentietokirjailijat.fi/kirjailijalle/apurahat/myonnetyt-apurahat/kevaan-apurahansaajat/,,0.9,False,,"{""source_quote"": ""**Heiniö Outi**, Karkkila | Vaihdevuosijoogaa – opas vaihdevuosioireiden helpottamiseen joogan avulla (1 000)"", ""extractor"": ""grantscrape/0.1"", ""foundation"": ""Suomen tietokirjailijat ry"", ""recipient_raw"": ""Heiniö Outi"", ""amount_raw"": ""1 000"", ""agent_confidence"": 0.9, ""rule_score"": 1.0, ""chunk_id"": ""001"", ""run_id"": ""suomen-tietokirjailijat""}"
suomen-tietokirjailijat,apurahat-lasten-ja-nuorten-tietokirjan-kirjoittamiseen,2026,Himanka Hanna,individual,Maiskutin ja Pottusen suuri ruokamatka,,4000,EUR,https://www.suomentietokirjailijat.fi/kirjailijalle/apurahat/myonnetyt-apurahat/kevaan-apurahansaajat/,,0.95,False,,"{""source_quote"": ""**Himanka Hanna**, Espoo | Maiskutin ja Pottusen suuri ruokamatka (4 000)"", ""extractor"": ""grantscrape/0.1"", ""foundation"": ""Suomen tietokirjailijat ry"", ""recipient_raw"": ""Himanka Hanna"", ""amount_raw"": ""(4 000)"", ""agent_confidence"": 0.95, ""rule_score"": 1.0, ""chunk_id"": ""000"", ""run_id"": ""suomen-tietokirjailijat""}"
suomen-tietokirjailijat,apurahat-puolivuotiseen-tyoskentelyyn,2026,Holm Tea,individual,Kokonaisuuden aika – holistinen maailmankuva tieteen ja kulttuurin seuraavana askeleena?,,13000,EUR,https://www.suomentietokirjailijat.fi/kirjailijalle/apurahat/myonnetyt-apurahat/kevaan-apurahansaajat/,,0.95,False,,"{""source_quote"": ""**Holm Tea**, Espoo | Kokonaisuuden aika – holistinen maailmankuva tieteen ja kulttuurin seuraavana askeleena? (13 000)"", ""extractor"": ""grantscrape/0.1"", ""foundation"": ""Suomen tietokirjailijat ry"", ""recipient_raw"": ""Holm Tea"", ""amount_raw"": ""(13 000)"", ""agent_confidence"": 0.95, ""rule_score"": 1.0, ""chunk_id"": ""000"", ""run_id"": ""suomen-tietokirjailijat""}"
suomen-tietokirjailijat,apurahat-esikoistietokirjan-kirjoittamiseen,2026,Honka Satu,individual,Digiharjoituskirja objektin sijamuodon valinnasta suomea toisena kielenä opiskeleville,,2000,EUR,https://www.suomentietokirjailijat.fi/kirjailijalle/apurahat/myonnetyt-apurahat/kevaan-apurahansaajat/,,0.9,False,,"{""source_quote"": ""**Honka Satu**, Vantaa | Digiharjoituskirja objektin sijamuodon valinnasta suomea toisena kielenä opiskeleville (2 000)"", ""extractor"": ""grantscrape/0.1"", ""foundation"": ""Suomen tietokirjailijat ry"", ""recipient_raw"": ""Honka Satu"", ""amount_raw"": ""2 000"", ""agent_confidence"": 0.9, ""rule_score"": 1.0, ""chunk_id"": ""001"", ""run_id"": ""suomen-tietokirjailijat""}"
suomen-tietokirjailijat,apurahat-esikoistietokirjan-kirjoittamiseen,2026,Hyry Saimi,individual,Tutkimusmatkalla koulussa – Miten oppiminen ja hyvinvointi toteutuvat koulutilassa?,,1000,EUR,https://www.suomentietokirjailijat.fi/kirjailijalle/apurahat/myonnetyt-apurahat/kevaan-apurahansaajat/,,0.9,False,,"{""source_quote"": ""**Hyry Saimi**, Helsinki | Tutkimusmatkalla koulussa – Miten oppiminen ja hyvinvointi toteutuvat koulutilassa? (1 000)"", ""extractor"": ""grantscrape/0.1"", ""foundation"": ""Suomen tietokirjailijat ry"", ""recipient_raw"": ""Hyry Saimi"", ""amount_raw"": ""1 000"", ""agent_confidence"": 0.9, ""rule_score"": 1.0, ""notes"": ""Same project title also awarded to Johansson Saara, likely a joint project split across two rows."", ""chunk_id"": ""001"", ""run_id"": ""suomen-tietokirjailijat""}"
suomen-tietokirjailijat,apurahat-lasten-ja-nuorten-tietokirjan-kirjoittamiseen,2026,Ilmasti Pirjo,individual,"Sillä sipuli, sinulla on ripuli! – ja muita lastentautisia tapauksia",,3000,EUR,https://www.suomentietokirjailijat.fi/kirjailijalle/apurahat/myonnetyt-apurahat/kevaan-apurahansaajat/,,0.95,False,,"{""source_quote"": ""**Ilmasti Pirjo**, Kangasniemi | Sillä sipuli, sinulla on ripuli! – ja muita lastentautisia tapauksia (3 000)"", ""extractor"": ""grantscrape/0.1"", ""foundation"": ""Suomen tietokirjailijat ry"", ""recipient_raw"": ""Ilmasti Pirjo"", ""amount_raw"": ""(3 000)"", ""agent_confidence"": 0.95, ""rule_score"": 1.0, ""chunk_id"": ""000"", ""run_id"": ""suomen-tietokirjailijat""}"
suomen-tietokirjailijat,apurahat-esikoistietokirjan-kirjoittamiseen,2026,Johansson Saara,individual,Tutkimusmatkalla koulussa – Miten oppiminen ja hyvinvointi toteutuvat koulutilassa?,,1000,EUR,https://www.suomentietokirjailijat.fi/kirjailijalle/apurahat/myonnetyt-apurahat/kevaan-apurahansaajat/,,0.9,False,,"{""source_quote"": ""**Johansson Saara**, Helsinki | Tutkimusmatkalla koulussa – Miten oppiminen ja hyvinvointi toteutuvat koulutilassa? (1 000)"", ""extractor"": ""grantscrape/0.1"", ""foundation"": ""Suomen tietokirjailijat ry"", ""recipient_raw"": ""Johansson Saara"", ""amount_raw"": ""1 000"", ""agent_confidence"": 0.9, ""rule_score"": 1.0, ""notes"": ""Same project title also awarded to Hyry Saimi, likely a joint project split across two rows."", ""chunk_id"": ""001"", ""run_id"": ""suomen-tietokirjailijat""}"
suomen-tietokirjailijat,apurahat-puolivuotiseen-tyoskentelyyn,2026,Jokelin Jantso,individual,Bluesin totuus,,12000,EUR,https://www.suomentietokirjailijat.fi/kirjailijalle/apurahat/myonnetyt-apurahat/kevaan-apurahansaajat/,,0.95,False,,"{""source_quote"": ""**Jokelin Jantso**, Helsinki | Bluesin totuus (12 000)"", ""extractor"": ""grantscrape/0.1"", ""foundation"": ""Suomen tietokirjailijat ry"", ""recipient_raw"": ""Jokelin Jantso"", ""amount_raw"": ""(12 000)"", ""agent_confidence"": 0.95, ""rule_score"": 1.0, ""chunk_id"": ""000"", ""run_id"": ""suomen-tietokirjailijat""}"
suomen-tietokirjailijat,apurahat-puolivuotiseen-tyoskentelyyn,2026,Jussinniemi Mia,individual,Torpedo,,13000,EUR,https://www.suomentietokirjailijat.fi/kirjailijalle/apurahat/myonnetyt-apurahat/kevaan-apurahansaajat/,,0.95,False,,"{""source_quote"": ""**Jussinniemi Mia**, Lohja | Torpedo (13 000)"", ""extractor"": ""grantscrape/0.1"", ""foundation"": ""Suomen tietokirjailijat ry"", ""recipient_raw"": ""Jussinniemi Mia"", ""amount_raw"": ""(13 000)"", ""agent_confidence"": 0.95, ""rule_score"": 1.0, ""chunk_id"": ""000"", ""run_id"": ""suomen-tietokirjailijat""}"
suomen-tietokirjailijat,apurahat-lasten-ja-nuorten-tietokirjan-kirjoittamiseen,2026,Järvinen Tomas,individual,Miten maailma pysyy järjestyksessä?,,4000,EUR,https://www.suomentietokirjailijat.fi/kirjailijalle/apurahat/myonnetyt-apurahat/kevaan-apurahansaajat/,,0.95,False,,"{""source_quote"": ""**Järvinen Tomas**, Porvoo | Miten maailma pysyy järjestyksessä? (4 000)"", ""extractor"": ""grantscrape/0.1"", ""foundation"": ""Suomen tietokirjailijat ry"", ""recipient_raw"": ""Järvinen Tomas"", ""amount_raw"": ""(4 000)"", ""agent_confidence"": 0.95, ""rule_score"": 1.0, ""chunk_id"": ""000"", ""run_id"": ""suomen-tietokirjailijat""}"
suomen-tietokirjailijat,apurahat-puolivuotiseen-tyoskentelyyn,2026,Kahla Elina,individual,Slavisti,,13000,EUR,https://www.suomentietokirjailijat.fi/kirjailijalle/apurahat/myonnetyt-apurahat/kevaan-apurahansaajat/,,0.95,False,,"{""source_quote"": ""**Kahla Elina**, Helsinki | Slavisti (13 000)"", ""extractor"": ""grantscrape/0.1"", ""foundation"": ""Suomen tietokirjailijat ry"", ""recipient_raw"": ""Kahla Elina"", ""amount_raw"": ""(13 000)"", ""agent_confidence"": 0.95, ""rule_score"": 1.0, ""chunk_id"": ""000"", ""run_id"": ""suomen-tietokirjailijat""}"
suomen-tietokirjailijat,apurahat-esikoistietokirjan-kirjoittamiseen,2026,Kallo Henna,individual,Tietokirja luonnon ja aivojen vuorovaikutuksesta,,2000,EUR,https://www.suomentietokirjailijat.fi/kirjailijalle/apurahat/myonnetyt-apurahat/kevaan-apurahansaajat/,,0.9,False,,"{""source_quote"": ""**Kallo Henna**, Kuopio | Tietokirja luonnon ja aivojen vuorovaikutuksesta (2 000)"", ""extractor"": ""grantscrape/0.1"", ""foundation"": ""Suomen tietokirjailijat ry"", ""recipient_raw"": ""Kallo Henna"", ""amount_raw"": ""2 000"", ""agent_confidence"": 0.9, ""rule_score"": 1.0, ""chunk_id"": ""001"", ""run_id"": ""suomen-tietokirjailijat""}"
suomen-tietokirjailijat,apurahat-esikoistietokirjan-kirjoittamiseen,2026,Kananen Anna,individual,Georgialainen unelma,,2000,EUR,https://www.suomentietokirjailijat.fi/kirjailijalle/apurahat/myonnetyt-apurahat/kevaan-apurahansaajat/,,0.9,False,,"{""source_quote"": ""**Kananen Anna**, Helsinki | Georgialainen unelma (2 000)"", ""extractor"": ""grantscrape/0.1"", ""foundation"": ""Suomen tietokirjailijat ry"", ""recipient_raw"": ""Kananen Anna"", ""amount_raw"": ""2 000"", ""agent_confidence"": 0.9, ""rule_score"": 1.0, ""chunk_id"": ""001"", ""run_id"": ""suomen-tietokirjailijat""}"
suomen-tietokirjailijat,apurahat-esikoistietokirjan-kirjoittamiseen,2026,Kekki Sanna,individual,Kulkuri ja kaunosielu: Anu ja Topi Pentikäisen (Pentik) kaksoiselämäkerta,,2000,EUR,https://www.suomentietokirjailijat.fi/kirjailijalle/apurahat/myonnetyt-apurahat/kevaan-apurahansaajat/,,0.9,False,,"{""source_quote"": ""**Kekki Sanna**, Rovaniemi | Kulkuri ja kaunosielu: Anu ja Topi Pentikäisen (Pentik) kaksoiselämäkerta (2 000)"", ""extractor"": ""grantscrape/0.1"", ""foundation"": ""Suomen tietokirjailijat ry"", ""recipient_raw"": ""Kekki Sanna"", ""amount_raw"": ""2 000"", ""agent_confidence"": 0.9, ""rule_score"": 1.0, ""chunk_id"": ""001"", ""run_id"": ""suomen-tietokirjailijat""}"
suomen-tietokirjailijat,apurahat-puolivuotiseen-tyoskentelyyn,2026,Kekäläinen Annu,individual,Ylirajaiset,,13000,EUR,https://www.suomentietokirjailijat.fi/kirjailijalle/apurahat/myonnetyt-apurahat/kevaan-apurahansaajat/,,0.95,False,,"{""source_quote"": ""**Kekäläinen Annu**, Helsinki | Ylirajaiset (13 000)"", ""extractor"": ""grantscrape/0.1"", ""foundation"": ""Suomen tietokirjailijat ry"", ""recipient_raw"": ""Kekäläinen Annu"", ""amount_raw"": ""(13 000)"", ""agent_confidence"": 0.95, ""rule_score"": 1.0, ""chunk_id"": ""000"", ""run_id"": ""suomen-tietokirjailijat""}"
suomen-tietokirjailijat,apurahat-esikoistietokirjan-kirjoittamiseen,2026,Keränen Kasperi,individual,Mammutti – kadonnut norsumme,,2000,EUR,https://www.suomentietokirjailijat.fi/kirjailijalle/apurahat/myonnetyt-apurahat/kevaan-apurahansaajat/,,0.9,False,,"{""source_quote"": ""**Keränen Kasperi**, Oulu | Mammutti – kadonnut norsumme (2 000)"", ""extractor"": ""grantscrape/0.1"", ""foundation"": ""Suomen tietokirjailijat ry"", ""recipient_raw"": ""Keränen Kasperi"", ""amount_raw"": ""2 000"", ""agent_confidence"": 0.9, ""rule_score"": 1.0, ""chunk_id"": ""001"", ""run_id"": ""suomen-tietokirjailijat""}"
suomen-tietokirjailijat,apurahat-esikoistietokirjan-kirjoittamiseen,2026,Keski-Vähälä Mirva,individual,Recipes for Creativity – Reseptejä luovuuteen,,2000,EUR,https://www.suomentietokirjailijat.fi/kirjailijalle/apurahat/myonnetyt-apurahat/kevaan-apurahansaajat/,,0.9,False,,"{""source_quote"": ""**Keski-Vähälä Mirva**, Helsinki | Recipes for Creativity – Reseptejä luovuuteen (2 000)"", ""extractor"": ""grantscrape/0.1"", ""foundation"": ""Suomen tietokirjailijat ry"", ""recipient_raw"": ""Keski-Vähälä Mirva"", ""amount_raw"": ""2 000"", ""agent_confidence"": 0.9, ""rule_score"": 1.0, ""chunk_id"": ""001"", ""run_id"": ""suomen-tietokirjailijat""}"
suomen-tietokirjailijat,apurahat-puolivuotiseen-tyoskentelyyn,2026,Kilpeläinen Jaakko,individual,Suomalaisen stand up -komiikan historia,,13000,EUR,https://www.suomentietokirjailijat.fi/kirjailijalle/apurahat/myonnetyt-apurahat/kevaan-apurahansaajat/,,0.95,False,,"{""source_quote"": ""**Kilpeläinen Jaakko**, Sastamala | Suomalaisen stand up -komiikan historia (13 000)"", ""extractor"": ""grantscrape/0.1"", ""foundation"": ""Suomen tietokirjailijat ry"", ""recipient_raw"": ""Kilpeläinen Jaakko"", ""amount_raw"": ""(13 000)"", ""agent_confidence"": 0.95, ""rule_score"": 1.0, ""chunk_id"": ""000"", ""run_id"": ""suomen-tietokirjailijat""}"
suomen-tietokirjailijat,apurahat-esikoistietokirjan-kirjoittamiseen,2026,Koho Mikko,individual,Tietokirja pelastusalasta,,2000,EUR,https://www.suomentietokirjailijat.fi/kirjailijalle/apurahat/myonnetyt-apurahat/kevaan-apurahansaajat/,,0.9,False,,"{""source_quote"": ""**Koho Mikko**, Turku | Tietokirja pelastusalasta (2 000)"", ""extractor"": ""grantscrape/0.1"", ""foundation"": ""Suomen tietokirjailijat ry"", ""recipient_raw"": ""Koho Mikko"", ""amount_raw"": ""2 000"", ""agent_confidence"": 0.9, ""rule_score"": 1.0, ""chunk_id"": ""001"", ""run_id"": ""suomen-tietokirjailijat""}"
suomen-tietokirjailijat,apurahat-puolivuotiseen-tyoskentelyyn,2026,Koivuniemi Jussi,individual,Lakonmurtajat Suomessa 1920-1930-luvuilla,,13000,EUR,https://www.suomentietokirjailijat.fi/kirjailijalle/apurahat/myonnetyt-apurahat/kevaan-apurahansaajat/,,0.95,False,,"{""source_quote"": ""**Koivuniemi Jussi**, Pirkkala | Lakonmurtajat Suomessa 1920-1930-luvuilla (13 000)"", ""extractor"": ""grantscrape/0.1"", ""foundation"": ""Suomen tietokirjailijat ry"", ""recipient_raw"": ""Koivuniemi Jussi"", ""amount_raw"": ""(13 000)"", ""agent_confidence"": 0.95, ""rule_score"": 1.0, ""chunk_id"": ""000"", ""run_id"": ""suomen-tietokirjailijat""}"
suomen-tietokirjailijat,apurahat-esikoistietokirjan-kirjoittamiseen,2026,Korhonen Kirsi,individual,Ihmisen kokoinen kauppa – kivijalkaliikkeitä Helsingissä ennen ja nyt,,2000,EUR,https://www.suomentietokirjailijat.fi/kirjailijalle/apurahat/myonnetyt-apurahat/kevaan-apurahansaajat/,,0.85,False,,"{""source_quote"": ""**Korhonen Kirsi,** Helsinki | Ihmisen kokoinen kauppa – kivijalkaliikkeitä Helsingissä ennen ja nyt (2 000)"", ""extractor"": ""grantscrape/0.1"", ""foundation"": ""Suomen tietokirjailijat ry"", ""recipient_raw"": ""Korhonen Kirsi,"", ""amount_raw"": ""2 000"", ""agent_confidence"": 0.85, ""rule_score"": 1.0, ""notes"": ""Trailing comma inside the bold markup dropped from recipient_name as it is punctuation, not part of the name."", ""chunk_id"": ""001"", ""run_id"": ""suomen-tietokirjailijat""}"
suomen-tietokirjailijat,apurahat-esikoistietokirjan-kirjoittamiseen,2026,Koskinen Johanna,individual,Tietokirja suomalaisen maatalouden ja ruoantuotannon tulevaisuudesta,,2000,EUR,https://www.suomentietokirjailijat.fi/kirjailijalle/apurahat/myonnetyt-apurahat/kevaan-apurahansaajat/,,0.9,False,,"{""source_quote"": ""**Koskinen Johanna**, Seinäjoki | Tietokirja suomalaisen maatalouden ja ruoantuotannon tulevaisuudesta (2 000)"", ""extractor"": ""grantscrape/0.1"", ""foundation"": ""Suomen tietokirjailijat ry"", ""recipient_raw"": ""Koskinen Johanna"", ""amount_raw"": ""2 000"", ""agent_confidence"": 0.9, ""rule_score"": 1.0, ""chunk_id"": ""001"", ""run_id"": ""suomen-tietokirjailijat""}"
suomen-tietokirjailijat,apurahat-puolivuotiseen-tyoskentelyyn,2026,Kotiranta Matti,individual,Uskonnollisten vähemmistöjen oikeudellinen asema Suomessa,,13000,EUR,https://www.suomentietokirjailijat.fi/kirjailijalle/apurahat/myonnetyt-apurahat/kevaan-apurahansaajat/,,0.95,False,,"{""source_quote"": ""**Kotiranta Matti**, Espoo | Uskonnollisten vähemmistöjen oikeudellinen asema Suomessa (13 000)"", ""extractor"": ""grantscrape/0.1"", ""foundation"": ""Suomen tietokirjailijat ry"", ""recipient_raw"": ""Kotiranta Matti"", ""amount_raw"": ""(13 000)"", ""agent_confidence"": 0.95, ""rule_score"": 1.0, ""chunk_id"": ""000"", ""run_id"": ""suomen-tietokirjailijat""}"
suomen-tietokirjailijat,apurahat-esikoistietokirjan-kirjoittamiseen,2026,Kotiranta Mimmi,individual,Biljett 2,,1000,EUR,https://www.suomentietokirjailijat.fi/kirjailijalle/apurahat/myonnetyt-apurahat/kevaan-apurahansaajat/,,0.9,False,,"{""source_quote"": ""**Kotiranta Mimmi**, Kaarina | Biljett 2 (1 000)"", ""extractor"": ""grantscrape/0.1"", ""foundation"": ""Suomen tietokirjailijat ry"", ""recipient_raw"": ""Kotiranta Mimmi"", ""amount_raw"": ""1 000"", ""agent_confidence"": 0.9, ""rule_score"": 1.0, ""chunk_id"": ""001"", ""run_id"": ""suomen-tietokirjailijat""}"
suomen-tietokirjailijat,apurahat-esikoistietokirjan-kirjoittamiseen,2026,Kotovaara Hanna Maria,individual,Sujuvasti toiselle asteelle: opas oppivelvolliselle nuorelle sekä nuoren huoltajalle ja opolle,,2000,EUR,https://www.suomentietokirjailijat.fi/kirjailijalle/apurahat/myonnetyt-apurahat/kevaan-apurahansaajat/,,0.9,False,,"{""source_quote"": ""**Kotovaara Hanna Maria**, Oulu | Sujuvasti toiselle asteelle: opas oppivelvolliselle nuorelle sekä nuoren huoltajalle ja opolle (2 000)"", ""extractor"": ""grantscrape/0.1"", ""foundation"": ""Suomen tietokirjailijat ry"", ""recipient_raw"": ""Kotovaara Hanna Maria"", ""amount_raw"": ""2 000"", ""agent_confidence"": 0.9, ""rule_score"": 1.0, ""chunk_id"": ""001"", ""run_id"": ""suomen-tietokirjailijat""}"
suomen-tietokirjailijat,apurahat-esikoistietokirjan-kirjoittamiseen,2026,Kuisma Joonas,individual,Juha Hurmeen elämäkerta,,2000,EUR,https://www.suomentietokirjailijat.fi/kirjailijalle/apurahat/myonnetyt-apurahat/kevaan-apurahansaajat/,,0.9,False,,"{""source_quote"": ""**Kuisma Joonas**, Helsinki | Juha Hurmeen elämäkerta (2 000)"", ""extractor"": ""grantscrape/0.1"", ""foundation"": ""Suomen tietokirjailijat ry"", ""recipient_raw"": ""Kuisma Joonas"", ""amount_raw"": ""2 000"", ""agent_confidence"": 0.9, ""rule_score"": 1.0, ""chunk_id"": ""001"", ""run_id"": ""suomen-tietokirjailijat""}"
suomen-tietokirjailijat,apurahat-esikoistietokirjan-kirjoittamiseen,2026,Kultamaa Mervi,individual,Internetin hallintaa geopolitiikan pyörteissä,,1000,EUR,https://www.suomentietokirjailijat.fi/kirjailijalle/apurahat/myonnetyt-apurahat/kevaan-apurahansaajat/,,0.9,False,,"{""source_quote"": ""**Kultamaa Mervi**, Lahti | Internetin hallintaa geopolitiikan pyörteissä (1 000)"", ""extractor"": ""grantscrape/0.1"", ""foundation"": ""Suomen tietokirjailijat ry"", ""recipient_raw"": ""Kultamaa Mervi"", ""amount_raw"": ""1 000"", ""agent_confidence"": 0.9, ""rule_score"": 1.0, ""chunk_id"": ""001"", ""run_id"": ""suomen-tietokirjailijat""}"
suomen-tietokirjailijat,apurahat-esikoistietokirjan-kirjoittamiseen,2026,Kupila Magdaleena,individual,Ganbare: selviytymistarinoita Japanin työkulttuurissa,,2000,EUR,https://www.suomentietokirjailijat.fi/kirjailijalle/apurahat/myonnetyt-apurahat/kevaan-apurahansaajat/,,0.9,False,,"{""source_quote"": ""**Kupila Magdaleena**, Turku | Ganbare: selviytymistarinoita Japanin työkulttuurissa (2 000)"", ""extractor"": ""grantscrape/0.1"", ""foundation"": ""Suomen tietokirjailijat ry"", ""recipient_raw"": ""Kupila Magdaleena"", ""amount_raw"": ""2 000"", ""agent_confidence"": 0.9, ""rule_score"": 1.0, ""chunk_id"": ""001"", ""run_id"": ""suomen-tietokirjailijat""}"
suomen-tietokirjailijat,apurahat-esikoistietokirjan-kirjoittamiseen,2026,Kuusisalo Mikko,individual,Viiden pennin koirat – Helsingin entistä alaluokkaa etsimässä,,2000,EUR,https://www.suomentietokirjailijat.fi/kirjailijalle/apurahat/myonnetyt-apurahat/kevaan-apurahansaajat/,,0.9,False,,"{""source_quote"": ""**Kuusisalo Mikko**, Helsinki | Viiden pennin koirat – Helsingin entistä alaluokkaa etsimässä (2 000)"", ""extractor"": ""grantscrape/0.1"", ""foundation"": ""Suomen tietokirjailijat ry"", ""recipient_raw"": ""Kuusisalo Mikko"", ""amount_raw"": ""2 000"", ""agent_confidence"": 0.9, ""rule_score"": 1.0, ""chunk_id"": ""001"", ""run_id"": ""suomen-tietokirjailijat""}"
suomen-tietokirjailijat,apurahat-esikoistietokirjan-kirjoittamiseen,2026,Kärkkäinen Jari,individual,Sydän häkissä – Teemu Packalénin rehellinen tarina UFC:stä ja elämästä,,2000,EUR,https://www.suomentietokirjailijat.fi/kirjailijalle/apurahat/myonnetyt-apurahat/kevaan-apurahansaajat/,,0.9,False,,"{""source_quote"": ""**Kärkkäinen Jari**, Nurmijärvi | Sydän häkissä – Teemu Packalénin rehellinen tarina UFC:stä ja elämästä (2 000)"", ""extractor"": ""grantscrape/0.1"", ""foundation"": ""Suomen tietokirjailijat ry"", ""recipient_raw"": ""Kärkkäinen Jari"", ""amount_raw"": ""2 000"", ""agent_confidence"": 0.9, ""rule_score"": 1.0, ""chunk_id"": ""001"", ""run_id"": ""suomen-tietokirjailijat""}"
suomen-tietokirjailijat,apurahat-puolivuotiseen-tyoskentelyyn,2026,Laaksonen Jouni,individual,Suomen parhaat vaellusreitit,,13000,EUR,https://www.suomentietokirjailijat.fi/kirjailijalle/apurahat/myonnetyt-apurahat/kevaan-apurahansaajat/,,0.95,False,,"{""source_quote"": ""**Laaksonen Jouni**, Kuhmo | Suomen parhaat vaellusreitit (13 000)"", ""extractor"": ""grantscrape/0.1"", ""foundation"": ""Suomen tietokirjailijat ry"", ""recipient_raw"": ""Laaksonen Jouni"", ""amount_raw"": ""(13 000)"", ""agent_confidence"": 0.95, ""rule_score"": 1.0, ""chunk_id"": ""000"", ""run_id"": ""suomen-tietokirjailijat""}"
suomen-tietokirjailijat,apurahat-puolivuotiseen-tyoskentelyyn,2026,Lahtinen Rauno,individual,Elämää 1970-luvun Turussa,,13000,EUR,https://www.suomentietokirjailijat.fi/kirjailijalle/apurahat/myonnetyt-apurahat/kevaan-apurahansaajat/,,0.95,False,,"{""source_quote"": ""**Lahtinen Rauno**, Turku | Elämää 1970-luvun Turussa (13 000)"", ""extractor"": ""grantscrape/0.1"", ""foundation"": ""Suomen tietokirjailijat ry"", ""recipient_raw"": ""Lahtinen Rauno"", ""amount_raw"": ""(13 000)"", ""agent_confidence"": 0.95, ""rule_score"": 1.0, ""chunk_id"": ""000"", ""run_id"": ""suomen-tietokirjailijat""}"
suomen-tietokirjailijat,apurahat-puolivuotiseen-tyoskentelyyn,2026,Laihinen Miikka,individual,Suomalaisen kirjallisuuskritiikin historia,,12000,EUR,https://www.suomentietokirjailijat.fi/kirjailijalle/apurahat/myonnetyt-apurahat/kevaan-apurahansaajat/,,0.95,False,,"{""source_quote"": ""**Laihinen Miikka**, Turku | Suomalaisen kirjallisuuskritiikin historia (12 000)"", ""extractor"": ""grantscrape/0.1"", ""foundation"": ""Suomen tietokirjailijat ry"", ""recipient_raw"": ""Laihinen Miikka"", ""amount_raw"": ""(12 000)"", ""agent_confidence"": 0.95, ""rule_score"": 1.0, ""chunk_id"": ""000"", ""run_id"": ""suomen-tietokirjailijat""}"
suomen-tietokirjailijat,apurahat-esikoistietokirjan-kirjoittamiseen,2026,Laitinen Satu,individual,Metsän värit – Kasvipainantaa suomalaisilla puilla ja pensailla,,2000,EUR,https://www.suomentietokirjailijat.fi/kirjailijalle/apurahat/myonnetyt-apurahat/kevaan-apurahansaajat/,,0.9,False,,"{""source_quote"": ""**Laitinen Satu**, Laukaa | Metsän värit – Kasvipainantaa suomalaisilla puilla ja pensailla (2 000)"", ""extractor"": ""grantscrape/0.1"", ""foundation"": ""Suomen tietokirjailijat ry"", ""recipient_raw"": ""Laitinen Satu"", ""amount_raw"": ""2 000"", ""agent_confidence"": 0.9, ""rule_score"": 1.0, ""chunk_id"": ""001"", ""run_id"": ""suomen-tietokirjailijat""}"
suomen-tietokirjailijat,apurahat-esikoistietokirjan-kirjoittamiseen,2026,Laitonen Silja-Elisa,individual,Kaitsijasta poliisiksi – Suomen naispoliisien historia,,2000,EUR,https://www.suomentietokirjailijat.fi/kirjailijalle/apurahat/myonnetyt-apurahat/kevaan-apurahansaajat/,,0.9,False,,"{""source_quote"": ""**Laitonen Silja-Elisa**, Vihti | Kaitsijasta poliisiksi – Suomen naispoliisien historia (2 000)"", ""extractor"": ""grantscrape/0.1"", ""foundation"": ""Suomen tietokirjailijat ry"", ""recipient_raw"": ""Laitonen Silja-Elisa"", ""amount_raw"": ""2 000"", ""agent_confidence"": 0.9, ""rule_score"": 1.0, ""chunk_id"": ""001"", ""run_id"": ""suomen-tietokirjailijat""}"
suomen-tietokirjailijat,apurahat-esikoistietokirjan-kirjoittamiseen,2026,Lampinen Mervi,individual,Tuonelan joutsen – kuoleman ja surun representaatioita suomalaisessa taiteessa,,2000,EUR,https://www.suomentietokirjailijat.fi/kirjailijalle/apurahat/myonnetyt-apurahat/kevaan-apurahansaajat/,,0.9,False,,"{""source_quote"": ""**Lampinen Mervi**, Turku | Tuonelan joutsen – kuoleman ja surun representaatioita suomalaisessa taiteessa (2 000)"", ""extractor"": ""grantscrape/0.1"", ""foundation"": ""Suomen tietokirjailijat ry"", ""recipient_raw"": ""Lampinen Mervi"", ""amount_raw"": ""2 000"", ""agent_confidence"": 0.9, ""rule_score"": 1.0, ""chunk_id"": ""001"", ""run_id"": ""suomen-tietokirjailijat""}"
suomen-tietokirjailijat,apurahat-esikoistietokirjan-kirjoittamiseen,2026,Laurikainen Päivi,individual,Biljett 2,,1000,EUR,https://www.suomentietokirjailijat.fi/kirjailijalle/apurahat/myonnetyt-apurahat/kevaan-apurahansaajat/,,0.9,False,,"{""source_quote"": ""**Laurikainen Päivi**, Espoo | Biljett 2 (1 000)"", ""extractor"": ""grantscrape/0.1"", ""foundation"": ""Suomen tietokirjailijat ry"", ""recipient_raw"": ""Laurikainen Päivi"", ""amount_raw"": ""1 000"", ""agent_confidence"": 0.9, ""rule_score"": 1.0, ""notes"": ""Same project title 'Biljett 2' recurs across several rows, likely a shared multi-author project."", ""chunk_id"": ""001"", ""run_id"": ""suomen-tietokirjailijat""}"
suomen-tietokirjailijat,apurahat-puolivuotiseen-tyoskentelyyn,2026,Leporanta Miro,individual,Haava Euroopan sydämessä – Serbian ja Kosovon suhteet vuodesta 2008,,12000,EUR,https://www.suomentietokirjailijat.fi/kirjailijalle/apurahat/myonnetyt-apurahat/kevaan-apurahansaajat/,,0.95,False,,"{""source_quote"": ""**Leporanta Miro**, Helsinki | Haava Euroopan sydämessä – Serbian ja Kosovon suhteet vuodesta 2008 (12 000)"", ""extractor"": ""grantscrape/0.1"", ""foundation"": ""Suomen tietokirjailijat ry"", ""recipient_raw"": ""Leporanta Miro"", ""amount_raw"": ""(12 000)"", ""agent_confidence"": 0.95, ""rule_score"": 1.0, ""chunk_id"": ""000"", ""run_id"": ""suomen-tietokirjailijat""}"
suomen-tietokirjailijat,apurahat-esikoistietokirjan-kirjoittamiseen,2026,Levomäki Metti,individual,Linnunpoikaset ja luontokato,,2000,EUR,https://www.suomentietokirjailijat.fi/kirjailijalle/apurahat/myonnetyt-apurahat/kevaan-apurahansaajat/,,0.9,False,,"{""source_quote"": ""**Levomäki Metti** | Linnunpoikaset ja luontokato (2 000)"", ""extractor"": ""grantscrape/0.1"", ""foundation"": ""Suomen tietokirjailijat ry"", ""recipient_raw"": ""Levomäki Metti"", ""amount_raw"": ""2 000"", ""agent_confidence"": 0.9, ""rule_score"": 1.0, ""notes"": ""No city given for this recipient."", ""chunk_id"": ""001"", ""run_id"": ""suomen-tietokirjailijat""}"
suomen-tietokirjailijat,apurahat-puolivuotiseen-tyoskentelyyn,2026,Linna Martti,individual,Kauppaneuvosten kaupunki,,13000,EUR,https://www.suomentietokirjailijat.fi/kirjailijalle/apurahat/myonnetyt-apurahat/kevaan-apurahansaajat/,,0.95,False,,"{""source_quote"": ""**Linna Martti**, Hamina | Kauppaneuvosten kaupunki (13 000)"", ""extractor"": ""grantscrape/0.1"", ""foundation"": ""Suomen tietokirjailijat ry"", ""recipient_raw"": ""Linna Martti"", ""amount_raw"": ""(13 000)"", ""agent_confidence"": 0.95, ""rule_score"": 1.0, ""chunk_id"": ""000"", ""run_id"": ""suomen-tietokirjailijat""}"
suomen-tietokirjailijat,apurahat-lasten-ja-nuorten-tietokirjan-kirjoittamiseen,2026,Löyttyniemi Anu,individual,Talvi liikuttaa,,3000,EUR,https://www.suomentietokirjailijat.fi/kirjailijalle/apurahat/myonnetyt-apurahat/kevaan-apurahansaajat/,,0.95,False,,"{""source_quote"": ""**Löyttyniemi Anu**, Helsinki | Talvi liikuttaa (3 000)"", ""extractor"": ""grantscrape/0.1"", ""foundation"": ""Suomen tietokirjailijat ry"", ""recipient_raw"": ""Löyttyniemi Anu"", ""amount_raw"": ""(3 000)"", ""agent_confidence"": 0.95, ""rule_score"": 1.0, ""chunk_id"": ""000"", ""run_id"": ""suomen-tietokirjailijat""}"
suomen-tietokirjailijat,apurahat-puolivuotiseen-tyoskentelyyn,2026,Maijala Minna,individual,Tulenkantajien historia,,13000,EUR,https://www.suomentietokirjailijat.fi/kirjailijalle/apurahat/myonnetyt-apurahat/kevaan-apurahansaajat/,,0.95,False,,"{""source_quote"": ""**Maijala Minna**, Helsinki | Tulenkantajien historia (13 000)"", ""extractor"": ""grantscrape/0.1"", ""foundation"": ""Suomen tietokirjailijat ry"", ""recipient_raw"": ""Maijala Minna"", ""amount_raw"": ""(13 000)"", ""agent_confidence"": 0.95, ""rule_score"": 1.0, ""chunk_id"": ""000"", ""run_id"": ""suomen-tietokirjailijat""}"
suomen-tietokirjailijat,apurahat-puolivuotiseen-tyoskentelyyn,2026,Malin Tuula,individual,Putinin pihapiirissä III – Venäjän vaikuttamisoperaatioiden tilinpäätös,,13000,EUR,https://www.suomentietokirjailijat.fi/kirjailijalle/apurahat/myonnetyt-apurahat/kevaan-apurahansaajat/,,0.95,False,,"{""source_quote"": ""**Malin Tuula**, Pirkkala | Putinin pihapiirissä III – Venäjän vaikuttamisoperaatioiden tilinpäätös (13 000)"", ""extractor"": ""grantscrape/0.1"", ""foundation"": ""Suomen tietokirjailijat ry"", ""recipient_raw"": ""Malin Tuula"", ""amount_raw"": ""(13 000)"", ""agent_confidence"": 0.95, ""rule_score"": 1.0, ""chunk_id"": ""000"", ""run_id"": ""suomen-tietokirjailijat""}"
suomen-tietokirjailijat,apurahat-esikoistietokirjan-kirjoittamiseen,2026,Matruka Johanna,individual,Itkun taito,,2000,EUR,https://www.suomentietokirjailijat.fi/kirjailijalle/apurahat/myonnetyt-apurahat/kevaan-apurahansaajat/,,0.9,False,,"{""source_quote"": ""**Matruka Johanna**, Helsinki | Itkun taito (2 000)"", ""extractor"": ""grantscrape/0.1"", ""foundation"": ""Suomen tietokirjailijat ry"", ""recipient_raw"": ""Matruka Johanna"", ""amount_raw"": ""2 000"", ""agent_confidence"": 0.9, ""rule_score"": 1.0, ""chunk_id"": ""001"", ""run_id"": ""suomen-tietokirjailijat""}"
suomen-tietokirjailijat,apurahat-esikoistietokirjan-kirjoittamiseen,2026,Moisander Mona,individual,Ammattina onnellisuus,,2000,EUR,https://www.suomentietokirjailijat.fi/kirjailijalle/apurahat/myonnetyt-apurahat/kevaan-apurahansaajat/,,0.9,False,,"{""source_quote"": ""**Moisander Mona**, Tammela | Ammattina onnellisuus (2 000)"", ""extractor"": ""grantscrape/0.1"", ""foundation"": ""Suomen tietokirjailijat ry"", ""recipient_raw"": ""Moisander Mona"", ""amount_raw"": ""2 000"", ""agent_confidence"": 0.9, ""rule_score"": 1.0, ""chunk_id"": ""001"", ""run_id"": ""suomen-tietokirjailijat""}"
suomen-tietokirjailijat,apurahat-esikoistietokirjan-kirjoittamiseen,2026,Mäkipää Säde,individual,Lajinsa viimeiset (?) – Tarinoita uhanalaistuvasta Suomesta,,2000,EUR,https://www.suomentietokirjailijat.fi/kirjailijalle/apurahat/myonnetyt-apurahat/kevaan-apurahansaajat/,,0.9,False,,"{""source_quote"": ""**Mäkipää Säde** | Lajinsa viimeiset (?) – Tarinoita uhanalaistuvasta Suomesta (2 000)"", ""extractor"": ""grantscrape/0.1"", ""foundation"": ""Suomen tietokirjailijat ry"", ""recipient_raw"": ""Mäkipää Säde"", ""amount_raw"": ""2 000"", ""agent_confidence"": 0.9, ""rule_score"": 1.0, ""notes"": ""No city given for this recipient."", ""chunk_id"": ""001"", ""run_id"": ""suomen-tietokirjailijat""}"
suomen-tietokirjailijat,apurahat-esikoistietokirjan-kirjoittamiseen,2026,Mättö Sanni,individual,Nykyitkuja Suomesta – Pirkko Fihlmanin itkupolku,,2000,EUR,https://www.suomentietokirjailijat.fi/kirjailijalle/apurahat/myonnetyt-apurahat/kevaan-apurahansaajat/,,0.9,False,,"{""source_quote"": ""**Mättö Sanni**, Espoo | Nykyitkuja Suomesta – Pirkko Fihlmanin itkupolku (2 000)"", ""extractor"": ""grantscrape/0.1"", ""foundation"": ""Suomen tietokirjailijat ry"", ""recipient_raw"": ""Mättö Sanni"", ""amount_raw"": ""2 000"", ""agent_confidence"": 0.9, ""rule_score"": 1.0, ""chunk_id"": ""001"", ""run_id"": ""suomen-tietokirjailijat""}"
suomen-tietokirjailijat,apurahat-esikoistietokirjan-kirjoittamiseen,2026,Méndez Jenni,individual,Biljett 2,,1000,EUR,https://www.suomentietokirjailijat.fi/kirjailijalle/apurahat/myonnetyt-apurahat/kevaan-apurahansaajat/,,0.9,False,,"{""source_quote"": ""**Méndez Jenni**, Vantaa | Biljett 2 (1 000)"", ""extractor"": ""grantscrape/0.1"", ""foundation"": ""Suomen tietokirjailijat ry"", ""recipient_raw"": ""Méndez Jenni"", ""amount_raw"": ""1 000"", ""agent_confidence"": 0.9, ""rule_score"": 1.0, ""notes"": ""Same project title 'Biljett 2' recurs across several rows, likely a shared multi-author project."", ""chunk_id"": ""001"", ""run_id"": ""suomen-tietokirjailijat""}"
suomen-tietokirjailijat,apurahat-esikoistietokirjan-kirjoittamiseen,2026,Nahkamäki Iiro,individual,Ensihoitotarinoita,,2000,EUR,https://www.suomentietokirjailijat.fi/kirjailijalle/apurahat/myonnetyt-apurahat/kevaan-apurahansaajat/,,0.9,False,,"{""source_quote"": ""**Nahkamäki Iiro**, Jyväskylä | Ensihoitotarinoita (2 000)"", ""extractor"": ""grantscrape/0.1"", ""foundation"": ""Suomen tietokirjailijat ry"", ""recipient_raw"": ""Nahkamäki Iiro"", ""amount_raw"": ""2 000"", ""agent_confidence"": 0.9, ""rule_score"": 1.0, ""chunk_id"": ""001"", ""run_id"": ""suomen-tietokirjailijat""}"
suomen-tietokirjailijat,apurahat-puolivuotiseen-tyoskentelyyn,2026,Nurminen Marjo,individual,"Paperipiispa ja Pohjolan idea – Kartta, joka loi idean Pohjoismaista",,13000,EUR,https://www.suomentietokirjailijat.fi/kirjailijalle/apurahat/myonnetyt-apurahat/kevaan-apurahansaajat/,,0.95,False,,"{""source_quote"": ""**Nurminen Marjo**, Helsinki | Paperipiispa ja Pohjolan idea – Kartta, joka loi idean Pohjoismaista (13 000)"", ""extractor"": ""grantscrape/0.1"", ""foundation"": ""Suomen tietokirjailijat ry"", ""recipient_raw"": ""Nurminen Marjo"", ""amount_raw"": ""(13 000)"", ""agent_confidence"": 0.95, ""rule_score"": 1.0, ""chunk_id"": ""000"", ""run_id"": ""suomen-tietokirjailijat""}"
suomen-tietokirjailijat,apurahat-puolivuotiseen-tyoskentelyyn,2026,Näkki Marjo,individual,Elämäkerran kirjoittaminen,,13000,EUR,https://www.suomentietokirjailijat.fi/kirjailijalle/apurahat/myonnetyt-apurahat/kevaan-apurahansaajat/,,0.95,False,,"{""source_quote"": ""**Näkki Marjo**, Kotka | Elämäkerran kirjoittaminen (13 000)"", ""extractor"": ""grantscrape/0.1"", ""foundation"": ""Suomen tietokirjailijat ry"", ""recipient_raw"": ""Näkki Marjo"", ""amount_raw"": ""(13 000)"", ""agent_confidence"": 0.95, ""rule_score"": 1.0, ""chunk_id"": ""000"", ""run_id"": ""suomen-tietokirjailijat""}"
suomen-tietokirjailijat,apurahat-lasten-ja-nuorten-tietokirjan-kirjoittamiseen,2026,Ovaskainen Viljami,individual,Miten kaikki toimii?,,3000,EUR,https://www.suomentietokirjailijat.fi/kirjailijalle/apurahat/myonnetyt-apurahat/kevaan-apurahansaajat/,,0.95,False,,"{""source_quote"": ""**Ovaskainen Viljami**, Joensuu | Miten kaikki toimii? (3 000)"", ""extractor"": ""grantscrape/0.1"", ""foundation"": ""Suomen tietokirjailijat ry"", ""recipient_raw"": ""Ovaskainen Viljami"", ""amount_raw"": ""(3 000)"", ""agent_confidence"": 0.95, ""rule_score"": 1.0, ""chunk_id"": ""000"", ""run_id"": ""suomen-tietokirjailijat""}"
suomen-tietokirjailijat,apurahat-esikoistietokirjan-kirjoittamiseen,2026,Palmo Sonja,individual,Ilmastokriisin psykologia,,2000,EUR,https://www.suomentietokirjailijat.fi/kirjailijalle/apurahat/myonnetyt-apurahat/kevaan-apurahansaajat/,,0.9,False,,"{""source_quote"": ""**Palmo Sonja**, Turku | Ilmastokriisin psykologia (2 000)"", ""extractor"": ""grantscrape/0.1"", ""foundation"": ""Suomen tietokirjailijat ry"", ""recipient_raw"": ""Palmo Sonja"", ""amount_raw"": ""2 000"", ""agent_confidence"": 0.9, ""rule_score"": 1.0, ""chunk_id"": ""001"", ""run_id"": ""suomen-tietokirjailijat""}"
suomen-tietokirjailijat,apurahat-esikoistietokirjan-kirjoittamiseen,2026,Parkkinen Pipsa,individual,Tietokirja pentutehtailusta,,2000,EUR,https://www.suomentietokirjailijat.fi/kirjailijalle/apurahat/myonnetyt-apurahat/kevaan-apurahansaajat/,,0.9,False,,"{""source_quote"": ""**Parkkinen Pipsa**, Espoo | Tietokirja pentutehtailusta (2 000)"", ""extractor"": ""grantscrape/0.1"", ""foundation"": ""Suomen tietokirjailijat ry"", ""recipient_raw"": ""Parkkinen Pipsa"", ""amount_raw"": ""2 000"", ""agent_confidence"": 0.9, ""rule_score"": 1.0, ""chunk_id"": ""001"", ""run_id"": ""suomen-tietokirjailijat""}"
suomen-tietokirjailijat,apurahat-esikoistietokirjan-kirjoittamiseen,2026,Peltola Jari,individual,Mille täällä saa nauraa?,,2000,EUR,https://www.suomentietokirjailijat.fi/kirjailijalle/apurahat/myonnetyt-apurahat/kevaan-apurahansaajat/,,0.85,False,,"{""source_quote"": ""**Peltola Jari,** Jyväskylä | Mille täällä saa nauraa? (2 000)"", ""extractor"": ""grantscrape/0.1"", ""foundation"": ""Suomen tietokirjailijat ry"", ""recipient_raw"": ""Peltola Jari,"", ""amount_raw"": ""2 000"", ""agent_confidence"": 0.85, ""rule_score"": 1.0, ""notes"": ""Trailing comma inside the bold markup dropped from recipient_name as it is punctuation, not part of the name."", ""chunk_id"": ""001"", ""run_id"": ""suomen-tietokirjailijat""}"
suomen-tietokirjailijat,apurahat-lasten-ja-nuorten-tietokirjan-kirjoittamiseen,2026,Qasim Salaado,individual,Nimeni on Lama,,4000,EUR,https://www.suomentietokirjailijat.fi/kirjailijalle/apurahat/myonnetyt-apurahat/kevaan-apurahansaajat/,,0.95,False,,"{""source_quote"": ""**Qasim Salaado**, Vantaa | Nimeni on Lama (4 000)"", ""extractor"": ""grantscrape/0.1"", ""foundation"": ""Suomen tietokirjailijat ry"", ""recipient_raw"": ""Qasim Salaado"", ""amount_raw"": ""(4 000)"", ""agent_confidence"": 0.95, ""rule_score"": 1.0, ""chunk_id"": ""000"", ""run_id"": ""suomen-tietokirjailijat""}"
suomen-tietokirjailijat,apurahat-esikoistietokirjan-kirjoittamiseen,2026,Rajamäki Noora,individual,Tietokirja lasten ravitsemuksesta,,1000,EUR,https://www.suomentietokirjailijat.fi/kirjailijalle/apurahat/myonnetyt-apurahat/kevaan-apurahansaajat/,,0.9,False,,"{""source_quote"": ""**Rajamäki Noora**, Rovaniemi | Tietokirja lasten ravitsemuksesta (1 000)"", ""extractor"": ""grantscrape/0.1"", ""foundation"": ""Suomen tietokirjailijat ry"", ""recipient_raw"": ""Rajamäki Noora"", ""amount_raw"": ""1 000"", ""agent_confidence"": 0.9, ""rule_score"": 1.0, ""chunk_id"": ""001"", ""run_id"": ""suomen-tietokirjailijat""}"
suomen-tietokirjailijat,apurahat-puolivuotiseen-tyoskentelyyn,2026,Riikonen Jose,individual,Sepi Kumpulainen – Armotonta menoa,,13000,EUR,https://www.suomentietokirjailijat.fi/kirjailijalle/apurahat/myonnetyt-apurahat/kevaan-apurahansaajat/,,0.95,False,,"{""source_quote"": ""**Riikonen Jose**, Helsinki | Sepi Kumpulainen – Armotonta menoa (13 000)"", ""extractor"": ""grantscrape/0.1"", ""foundation"": ""Suomen tietokirjailijat ry"", ""recipient_raw"": ""Riikonen Jose"", ""amount_raw"": ""(13 000)"", ""agent_confidence"": 0.95, ""rule_score"": 1.0, ""chunk_id"": ""000"", ""run_id"": ""suomen-tietokirjailijat""}"
suomen-tietokirjailijat,apurahat-esikoistietokirjan-kirjoittamiseen,2026,Ritvanen Irina,individual,Portti tuonilmaisiin. Esittelyteos Valamon metsähautausmaasta,,1000,EUR,https://www.suomentietokirjailijat.fi/kirjailijalle/apurahat/myonnetyt-apurahat/kevaan-apurahansaajat/,,0.9,False,,"{""source_quote"": ""**Ritvanen Irina**, Helsinki | Portti tuonilmaisiin. Esittelyteos Valamon metsähautausmaasta (1 000)"", ""extractor"": ""grantscrape/0.1"", ""foundation"": ""Suomen tietokirjailijat ry"", ""recipient_raw"": ""Ritvanen Irina"", ""amount_raw"": ""1 000"", ""agent_confidence"": 0.9, ""rule_score"": 1.0, ""notes"": ""Same project also credited to Ritvanen Mitja, likely a joint project split across two rows."", ""chunk_id"": ""001"", ""run_id"": ""suomen-tietokirjailijat""}"
suomen-tietokirjailijat,apurahat-esikoistietokirjan-kirjoittamiseen,2026,Ritvanen Mitja,individual,Portti tuonilmaisiin. Esittelyteos Valamon metsähautausmaasta,,1000,EUR,https://www.suomentietokirjailijat.fi/kirjailijalle/apurahat/myonnetyt-apurahat/kevaan-apurahansaajat/,,0.9,False,,"{""source_quote"": ""**Ritvanen Mitja**, Helsinki | Portti tuonilmaisiin. Esittelyteos Valamon metsähautausmaasta (1 000)"", ""extractor"": ""grantscrape/0.1"", ""foundation"": ""Suomen tietokirjailijat ry"", ""recipient_raw"": ""Ritvanen Mitja"", ""amount_raw"": ""1 000"", ""agent_confidence"": 0.9, ""rule_score"": 1.0, ""notes"": ""Same project also credited to Ritvanen Irina, likely a joint project split across two rows."", ""chunk_id"": ""001"", ""run_id"": ""suomen-tietokirjailijat""}"
suomen-tietokirjailijat,apurahat-puolivuotiseen-tyoskentelyyn,2026,Ruotsila Markku,individual,Trump ja kristillinen oikeisto,,12000,EUR,https://www.suomentietokirjailijat.fi/kirjailijalle/apurahat/myonnetyt-apurahat/kevaan-apurahansaajat/,,0.95,False,,"{""source_quote"": ""**Ruotsila Markku**, Helsinki | Trump ja kristillinen oikeisto (12 000)"", ""extractor"": ""grantscrape/0.1"", ""foundation"": ""Suomen tietokirjailijat ry"", ""recipient_raw"": ""Ruotsila Markku"", ""amount_raw"": ""(12 000)"", ""agent_confidence"": 0.95, ""rule_score"": 1.0, ""chunk_id"": ""000"", ""run_id"": ""suomen-tietokirjailijat""}"
suomen-tietokirjailijat,apurahat-puolivuotiseen-tyoskentelyyn,2026,Rämänen Antti,individual,Toukokuu 1918,,13000,EUR,https://www.suomentietokirjailijat.fi/kirjailijalle/apurahat/myonnetyt-apurahat/kevaan-apurahansaajat/,,0.95,False,,"{""source_quote"": ""**Rämänen Antti**, Salo | Toukokuu 1918 (13 000)"", ""extractor"": ""grantscrape/0.1"", ""foundation"": ""Suomen tietokirjailijat ry"", ""recipient_raw"": ""Rämänen Antti"", ""amount_raw"": ""(13 000)"", ""agent_confidence"": 0.95, ""rule_score"": 1.0, ""chunk_id"": ""000"", ""run_id"": ""suomen-tietokirjailijat""}"
suomen-tietokirjailijat,apurahat-esikoistietokirjan-kirjoittamiseen,2026,Räsänen Heini,individual,Tilan virityksen mestari – lavastaja Tiina Makkonen,,2000,EUR,https://www.suomentietokirjailijat.fi/kirjailijalle/apurahat/myonnetyt-apurahat/kevaan-apurahansaajat/,,0.9,False,,"{""source_quote"": ""**Räsänen Heini**, Helsinki | Tilan virityksen mestari – lavastaja Tiina Makkonen (2 000)"", ""extractor"": ""grantscrape/0.1"", ""foundation"": ""Suomen tietokirjailijat ry"", ""recipient_raw"": ""Räsänen Heini"", ""amount_raw"": ""2 000"", ""agent_confidence"": 0.9, ""rule_score"": 1.0, ""chunk_id"": ""001"", ""run_id"": ""suomen-tietokirjailijat""}"
suomen-tietokirjailijat,apurahat-puolivuotiseen-tyoskentelyyn,2026,Rönkä Mia,individual,Talven sulavat merkitykset ja kylmät faktat,,13000,EUR,https://www.suomentietokirjailijat.fi/kirjailijalle/apurahat/myonnetyt-apurahat/kevaan-apurahansaajat/,,0.95,False,,"{""source_quote"": ""**Rönkä Mia**, Naantali | Talven sulavat merkitykset ja kylmät faktat (13 000)"", ""extractor"": ""grantscrape/0.1"", ""foundation"": ""Suomen tietokirjailijat ry"", ""recipient_raw"": ""Rönkä Mia"", ""amount_raw"": ""(13 000)"", ""agent_confidence"": 0.95, ""rule_score"": 1.0, ""chunk_id"": ""000"", ""run_id"": ""suomen-tietokirjailijat""}"
suomen-tietokirjailijat,apurahat-esikoistietokirjan-kirjoittamiseen,2026,Saarinen Toni,individual,Uuden maailmanjärjestyksen mytologia,,2000,EUR,https://www.suomentietokirjailijat.fi/kirjailijalle/apurahat/myonnetyt-apurahat/kevaan-apurahansaajat/,,0.9,False,,"{""source_quote"": ""**Saarinen Toni**, Helsinki | Uuden maailmanjärjestyksen mytologia (2 000)"", ""extractor"": ""grantscrape/0.1"", ""foundation"": ""Suomen tietokirjailijat ry"", ""recipient_raw"": ""Saarinen Toni"", ""amount_raw"": ""2 000"", ""agent_confidence"": 0.9, ""rule_score"": 1.0, ""chunk_id"": ""001"", ""run_id"": ""suomen-tietokirjailijat""}"
suomen-tietokirjailijat,apurahat-esikoistietokirjan-kirjoittamiseen,2026,Salmisto Hanna,individual,Vaihdevuosijoogaa – opas vaihdevuosioireiden helpottamiseen joogan avulla,,1000,EUR,https://www.suomentietokirjailijat.fi/kirjailijalle/apurahat/myonnetyt-apurahat/kevaan-apurahansaajat/,,0.9,False,,"{""source_quote"": ""**Salmisto Hanna**, Karkkila | Vaihdevuosijoogaa – opas vaihdevuosioireiden helpottamiseen joogan avulla (1 000)"", ""extractor"": ""grantscrape/0.1"", ""foundation"": ""Suomen tietokirjailijat ry"", ""recipient_raw"": ""Salmisto Hanna"", ""amount_raw"": ""1 000"", ""agent_confidence"": 0.9, ""rule_score"": 1.0, ""notes"": ""Same project title also awarded to Heiniö Outi, likely a joint project split across two rows."", ""chunk_id"": ""001"", ""run_id"": ""suomen-tietokirjailijat""}"
suomen-tietokirjailijat,apurahat-lasten-ja-nuorten-tietokirjan-kirjoittamiseen,2026,Sarja Tiina,individual,Anni ja Akseli selvittävät: Miten kauppa käy?,,3500,EUR,https://www.suomentietokirjailijat.fi/kirjailijalle/apurahat/myonnetyt-apurahat/kevaan-apurahansaajat/,,0.95,False,,"{""source_quote"": ""**Sarja Tiina**, Oulu | Anni ja Akseli selvittävät: Miten kauppa käy? (3 500)"", ""extractor"": ""grantscrape/0.1"", ""foundation"": ""Suomen tietokirjailijat ry"", ""recipient_raw"": ""Sarja Tiina"", ""amount_raw"": ""(3 500)"", ""agent_confidence"": 0.95, ""rule_score"": 1.0, ""chunk_id"": ""000"", ""run_id"": ""suomen-tietokirjailijat""}"
suomen-tietokirjailijat,apurahat-esikoistietokirjan-kirjoittamiseen,2026,Savikangas Max,individual,Alttoviulu: soitin – musiikki – soittajat,,1000,EUR,https://www.suomentietokirjailijat.fi/kirjailijalle/apurahat/myonnetyt-apurahat/kevaan-apurahansaajat/,,0.9,False,,"{""source_quote"": ""**Savikangas Max**, Järvenpää | Alttoviulu: soitin – musiikki – soittajat (1 000)"", ""extractor"": ""grantscrape/0.1"", ""foundation"": ""Suomen tietokirjailijat ry"", ""recipient_raw"": ""Savikangas Max"", ""amount_raw"": ""1 000"", ""agent_confidence"": 0.9, ""rule_score"": 1.0, ""chunk_id"": ""001"", ""run_id"": ""suomen-tietokirjailijat""}"
suomen-tietokirjailijat,apurahat-puolivuotiseen-tyoskentelyyn,2026,Semi Taina,individual,Se mikä jää – ihminen muistisairauden takaa,,13000,EUR,https://www.suomentietokirjailijat.fi/kirjailijalle/apurahat/myonnetyt-apurahat/kevaan-apurahansaajat/,,0.95,False,,"{""source_quote"": ""**Semi Taina**, Espoo | Se mikä jää – ihminen muistisairauden takaa (13 000)"", ""extractor"": ""grantscrape/0.1"", ""foundation"": ""Suomen tietokirjailijat ry"", ""recipient_raw"": ""Semi Taina"", ""amount_raw"": ""(13 000)"", ""agent_confidence"": 0.95, ""rule_score"": 1.0, ""chunk_id"": ""000"", ""run_id"": ""suomen-tietokirjailijat""}"
suomen-tietokirjailijat,apurahat-puolivuotiseen-tyoskentelyyn,2026,Siironen Miika,individual,Tulkoon sota ja veriset vaatteet!,,12000,EUR,https://www.suomentietokirjailijat.fi/kirjailijalle/apurahat/myonnetyt-apurahat/kevaan-apurahansaajat/,,0.95,False,,"{""source_quote"": ""**Siironen Miika**, Oulu | Tulkoon sota ja veriset vaatteet! (12 000)"", ""extractor"": ""grantscrape/0.1"", ""foundation"": ""Suomen tietokirjailijat ry"", ""recipient_raw"": ""Siironen Miika"", ""amount_raw"": ""(12 000)"", ""agent_confidence"": 0.95, ""rule_score"": 1.0, ""chunk_id"": ""000"", ""run_id"": ""suomen-tietokirjailijat""}"
suomen-tietokirjailijat,apurahat-esikoistietokirjan-kirjoittamiseen,2026,Sininärhi Erika,individual,"Sininen valo – Tarina 16-vuotiaasta muukalaisnuoresta, jonka elämän pelasti Suomi",,2000,EUR,https://www.suomentietokirjailijat.fi/kirjailijalle/apurahat/myonnetyt-apurahat/kevaan-apurahansaajat/,,0.9,False,,"{""source_quote"": ""**Sininärhi Erika**, Oulu | Sininen valo – Tarina 16-vuotiaasta muukalaisnuoresta, jonka elämän pelasti Suomi (2 000)"", ""extractor"": ""grantscrape/0.1"", ""foundation"": ""Suomen tietokirjailijat ry"", ""recipient_raw"": ""Sininärhi Erika"", ""amount_raw"": ""2 000"", ""agent_confidence"": 0.9, ""rule_score"": 1.0, ""chunk_id"": ""001"", ""run_id"": ""suomen-tietokirjailijat""}"
suomen-tietokirjailijat,apurahat-esikoistietokirjan-kirjoittamiseen,2026,Sippula Merja,individual,Uskomattomien espanjanopiskelijoiden pyhimyskalenteri,,2000,EUR,https://www.suomentietokirjailijat.fi/kirjailijalle/apurahat/myonnetyt-apurahat/kevaan-apurahansaajat/,,0.9,False,,"{""source_quote"": ""**Sippula Merja**, Jyväskylä | Uskomattomien espanjanopiskelijoiden pyhimyskalenteri (2 000)"", ""extractor"": ""grantscrape/0.1"", ""foundation"": ""Suomen tietokirjailijat ry"", ""recipient_raw"": ""Sippula Merja"", ""amount_raw"": ""2 000"", ""agent_confidence"": 0.9, ""rule_score"": 1.0, ""chunk_id"": ""001"", ""run_id"": ""suomen-tietokirjailijat""}"
suomen-tietokirjailijat,apurahat-puolivuotiseen-tyoskentelyyn,2026,Siukonen Jyrki,individual,"Päätoimittaja: Kalevi Seilonen. Neljä lehteä, neljä aikakautta.",,13000,EUR,https://www.suomentietokirjailijat.fi/kirjailijalle/apurahat/myonnetyt-apurahat/kevaan-apurahansaajat/,,0.95,False,,"{""source_quote"": ""**Siukonen Jyrki**, Tampere | Päätoimittaja: Kalevi Seilonen. Neljä lehteä, neljä aikakautta.  (13 000)"", ""extractor"": ""grantscrape/0.1"", ""foundation"": ""Suomen tietokirjailijat ry"", ""recipient_raw"": ""Siukonen Jyrki"", ""amount_raw"": ""(13 000)"", ""agent_confidence"": 0.95, ""rule_score"": 1.0, ""chunk_id"": ""000"", ""run_id"": ""suomen-tietokirjailijat""}"
suomen-tietokirjailijat,apurahat-esikoistietokirjan-kirjoittamiseen,2026,Sulkanen Nina,individual,Viimeiset bileet – käsikirja tunnustuksettomien hautajaisten järjestämiseen,,1000,EUR,https://www.suomentietokirjailijat.fi/kirjailijalle/apurahat/myonnetyt-apurahat/kevaan-apurahansaajat/,,0.9,False,,"{""source_quote"": ""**Sulkanen Nina**, Humppila | Viimeiset bileet – käsikirja tunnustuksettomien hautajaisten järjestämiseen (1 000)"", ""extractor"": ""grantscrape/0.1"", ""foundation"": ""Suomen tietokirjailijat ry"", ""recipient_raw"": ""Sulkanen Nina"", ""amount_raw"": ""1 000"", ""agent_confidence"": 0.9, ""rule_score"": 1.0, ""chunk_id"": ""001"", ""run_id"": ""suomen-tietokirjailijat""}"
suomen-tietokirjailijat,apurahat-lasten-ja-nuorten-tietokirjan-kirjoittamiseen,2026,Suoniemi Karoliina,individual,Tietokirjoittamisen opas lapsille ja nuorille,,3500,EUR,https://www.suomentietokirjailijat.fi/kirjailijalle/apurahat/myonnetyt-apurahat/kevaan-apurahansaajat/,,0.95,False,,"{""source_quote"": ""**Suoniemi Karoliina**, Tampere | Tietokirjoittamisen opas lapsille ja nuorille (3 500)"", ""extractor"": ""grantscrape/0.1"", ""foundation"": ""Suomen tietokirjailijat ry"", ""recipient_raw"": ""Suoniemi Karoliina"", ""amount_raw"": ""(3 500)"", ""agent_confidence"": 0.95, ""rule_score"": 1.0, ""chunk_id"": ""000"", ""run_id"": ""suomen-tietokirjailijat""}"
suomen-tietokirjailijat,apurahat-esikoistietokirjan-kirjoittamiseen,2026,Svanfeldt Ingrid,individual,Fängslad av Belarus,,1000,EUR,https://www.suomentietokirjailijat.fi/kirjailijalle/apurahat/myonnetyt-apurahat/kevaan-apurahansaajat/,,0.9,False,,"{""source_quote"": ""**Svanfeldt Ingrid**, Siuntio | Fängslad av Belarus (1 000)"", ""extractor"": ""grantscrape/0.1"", ""foundation"": ""Suomen tietokirjailijat ry"", ""recipient_raw"": ""Svanfeldt Ingrid"", ""amount_raw"": ""1 000"", ""agent_confidence"": 0.9, ""rule_score"": 1.0, ""chunk_id"": ""001"", ""run_id"": ""suomen-tietokirjailijat""}"
suomen-tietokirjailijat,apurahat-puolivuotiseen-tyoskentelyyn,2026,Takala Hannu,individual,Suomen asutuksen ensimmäiset vuosituhannet – mistä ja milloin ensimmäiset asukkaat saapuivat Suomeen,,13000,EUR,https://www.suomentietokirjailijat.fi/kirjailijalle/apurahat/myonnetyt-apurahat/kevaan-apurahansaajat/,,0.95,False,,"{""source_quote"": ""**Takala Hannu**, Lahti | Suomen asutuksen ensimmäiset vuosituhannet – mistä ja milloin ensimmäiset asukkaat saapuivat Suomeen (13 000)"", ""extractor"": ""grantscrape/0.1"", ""foundation"": ""Suomen tietokirjailijat ry"", ""recipient_raw"": ""Takala Hannu"", ""amount_raw"": ""(13 000)"", ""agent_confidence"": 0.95, ""rule_score"": 1.0, ""chunk_id"": ""000"", ""run_id"": ""suomen-tietokirjailijat""}"
suomen-tietokirjailijat,apurahat-esikoistietokirjan-kirjoittamiseen,2026,Tawast Minna,individual,Reiskan taival,,2000,EUR,https://www.suomentietokirjailijat.fi/kirjailijalle/apurahat/myonnetyt-apurahat/kevaan-apurahansaajat/,,0.9,False,,"{""source_quote"": ""**Tawast Minna**, Helsinki | Reiskan taival (2 000)"", ""extractor"": ""grantscrape/0.1"", ""foundation"": ""Suomen tietokirjailijat ry"", ""recipient_raw"": ""Tawast Minna"", ""amount_raw"": ""2 000"", ""agent_confidence"": 0.9, ""rule_score"": 1.0, ""chunk_id"": ""001"", ""run_id"": ""suomen-tietokirjailijat""}"
suomen-tietokirjailijat,apurahat-lasten-ja-nuorten-tietokirjan-kirjoittamiseen,2026,Telkänranta Helena,individual,”Kissan mieli. Tiedettä sarjakuvana”,,3000,EUR,https://www.suomentietokirjailijat.fi/kirjailijalle/apurahat/myonnetyt-apurahat/kevaan-apurahansaajat/,,0.95,False,,"{""source_quote"": ""**Telkänranta Helena**, Kirkkonummi | ”Kissan mieli. Tiedettä sarjakuvana” (3 000)"", ""extractor"": ""grantscrape/0.1"", ""foundation"": ""Suomen tietokirjailijat ry"", ""recipient_raw"": ""Telkänranta Helena"", ""amount_raw"": ""(3 000)"", ""agent_confidence"": 0.95, ""rule_score"": 1.0, ""chunk_id"": ""000"", ""run_id"": ""suomen-tietokirjailijat""}"
suomen-tietokirjailijat,apurahat-esikoistietokirjan-kirjoittamiseen,2026,Toikko Milka,individual,Oppikirja edistyneille suomenoppijoille,,1000,EUR,https://www.suomentietokirjailijat.fi/kirjailijalle/apurahat/myonnetyt-apurahat/kevaan-apurahansaajat/,,0.9,False,,"{""source_quote"": ""**Toikko Milka** | Oppikirja edistyneille suomenoppijoille (1 000)"", ""extractor"": ""grantscrape/0.1"", ""foundation"": ""Suomen tietokirjailijat ry"", ""recipient_raw"": ""Toikko Milka"", ""amount_raw"": ""1 000"", ""agent_confidence"": 0.9, ""rule_score"": 1.0, ""notes"": ""No city given for this recipient."", ""chunk_id"": ""001"", ""run_id"": ""suomen-tietokirjailijat""}"
suomen-tietokirjailijat,apurahat-esikoistietokirjan-kirjoittamiseen,2026,Turja Mari,individual,Opaskirja vanhuuden hoidon ja palvelujen viidakkoon – Miten toimin palvelujärjestelmässä yhdessä ammattilaisten kanssa?,,2000,EUR,https://www.suomentietokirjailijat.fi/kirjailijalle/apurahat/myonnetyt-apurahat/kevaan-apurahansaajat/,,0.9,False,,"{""source_quote"": ""**Turja Mari**, Turku | Opaskirja vanhuuden hoidon ja palvelujen viidakkoon – Miten toimin palvelujärjestelmässä yhdessä ammattilaisten kanssa? (2 000)"", ""extractor"": ""grantscrape/0.1"", ""foundation"": ""Suomen tietokirjailijat ry"", ""recipient_raw"": ""Turja Mari"", ""amount_raw"": ""2 000"", ""agent_confidence"": 0.9, ""rule_score"": 1.0, ""chunk_id"": ""001"", ""run_id"": ""suomen-tietokirjailijat""}"
suomen-tietokirjailijat,apurahat-esikoistietokirjan-kirjoittamiseen,2026,Turunen Topi,individual,Saastan historia,,2000,EUR,https://www.suomentietokirjailijat.fi/kirjailijalle/apurahat/myonnetyt-apurahat/kevaan-apurahansaajat/,,0.9,False,,"{""source_quote"": ""**Turunen Topi** | Saastan historia (2 000)"", ""extractor"": ""grantscrape/0.1"", ""foundation"": ""Suomen tietokirjailijat ry"", ""recipient_raw"": ""Turunen Topi"", ""amount_raw"": ""2 000"", ""agent_confidence"": 0.9, ""rule_score"": 1.0, ""notes"": ""No city given for this recipient."", ""chunk_id"": ""001"", ""run_id"": ""suomen-tietokirjailijat""}"
suomen-tietokirjailijat,apurahat-esikoistietokirjan-kirjoittamiseen,2026,Törmälehto Terhi,individual,Matkoja Israeliin ja kristilliseen sionismiin,,2000,EUR,https://www.suomentietokirjailijat.fi/kirjailijalle/apurahat/myonnetyt-apurahat/kevaan-apurahansaajat/,,0.9,False,,"{""source_quote"": ""**Törmälehto Terhi**, Helsinki | Matkoja Israeliin ja kristilliseen sionismiin (2 000)"", ""extractor"": ""grantscrape/0.1"", ""foundation"": ""Suomen tietokirjailijat ry"", ""recipient_raw"": ""Törmälehto Terhi"", ""amount_raw"": ""2 000"", ""agent_confidence"": 0.9, ""rule_score"": 1.0, ""chunk_id"": ""001"", ""run_id"": ""suomen-tietokirjailijat""}"
suomen-tietokirjailijat,apurahat-esikoistietokirjan-kirjoittamiseen,2026,Uosukainen Saana,individual,Pohjoisnapa,,2000,EUR,https://www.suomentietokirjailijat.fi/kirjailijalle/apurahat/myonnetyt-apurahat/kevaan-apurahansaajat/,,0.9,False,,"{""source_quote"": ""**Uosukainen Saana**, Helsinki | Pohjoisnapa (2 000)"", ""extractor"": ""grantscrape/0.1"", ""foundation"": ""Suomen tietokirjailijat ry"", ""recipient_raw"": ""Uosukainen Saana"", ""amount_raw"": ""2 000"", ""agent_confidence"": 0.9, ""rule_score"": 1.0, ""chunk_id"": ""001"", ""run_id"": ""suomen-tietokirjailijat""}"
suomen-tietokirjailijat,apurahat-puolivuotiseen-tyoskentelyyn,2026,Uschanov Tommi,individual,Wittgenstein – elämä ja filosofia,,13000,EUR,https://www.suomentietokirjailijat.fi/kirjailijalle/apurahat/myonnetyt-apurahat/kevaan-apurahansaajat/,,0.95,False,,"{""source_quote"": ""**Uschanov Tommi**, Helsinki | Wittgenstein – elämä ja filosofia (13 000)"", ""extractor"": ""grantscrape/0.1"", ""foundation"": ""Suomen tietokirjailijat ry"", ""recipient_raw"": ""Uschanov Tommi"", ""amount_raw"": ""(13 000)"", ""agent_confidence"": 0.95, ""rule_score"": 1.0, ""chunk_id"": ""000"", ""run_id"": ""suomen-tietokirjailijat""}"
suomen-tietokirjailijat,apurahat-esikoistietokirjan-kirjoittamiseen,2026,Uusitalo Anu,individual,Biljett 2,,1000,EUR,https://www.suomentietokirjailijat.fi/kirjailijalle/apurahat/myonnetyt-apurahat/kevaan-apurahansaajat/,,0.9,False,,"{""source_quote"": ""**Uusitalo Anu** | Biljett 2 (1 000)"", ""extractor"": ""grantscrape/0.1"", ""foundation"": ""Suomen tietokirjailijat ry"", ""recipient_raw"": ""Uusitalo Anu"", ""amount_raw"": ""1 000"", ""agent_confidence"": 0.9, ""rule_score"": 1.0, ""notes"": ""No city given for this recipient; same project title 'Biljett 2' recurs across several rows."", ""chunk_id"": ""001"", ""run_id"": ""suomen-tietokirjailijat""}"
suomen-tietokirjailijat,apurahat-esikoistietokirjan-kirjoittamiseen,2026,Vahtera Tiina,individual,Kaapatut lapset,,2000,EUR,https://www.suomentietokirjailijat.fi/kirjailijalle/apurahat/myonnetyt-apurahat/kevaan-apurahansaajat/,,0.9,False,,"{""source_quote"": ""**Vahtera Tiina**, Helsinki | Kaapatut lapset (2 000)"", ""extractor"": ""grantscrape/0.1"", ""foundation"": ""Suomen tietokirjailijat ry"", ""recipient_raw"": ""Vahtera Tiina"", ""amount_raw"": ""2 000"", ""agent_confidence"": 0.9, ""rule_score"": 1.0, ""chunk_id"": ""001"", ""run_id"": ""suomen-tietokirjailijat""}"
suomen-tietokirjailijat,apurahat-puolivuotiseen-tyoskentelyyn,2026,Valkama Kirsi,individual,Alkoholinvalmistuksen varhainen historia,,12000,EUR,https://www.suomentietokirjailijat.fi/kirjailijalle/apurahat/myonnetyt-apurahat/kevaan-apurahansaajat/,,0.95,False,,"{""source_quote"": ""**Valkama Kirsi**, Helsinki | Alkoholinvalmistuksen varhainen historia (12 000)"", ""extractor"": ""grantscrape/0.1"", ""foundation"": ""Suomen tietokirjailijat ry"", ""recipient_raw"": ""Valkama Kirsi"", ""amount_raw"": ""(12 000)"", ""agent_confidence"": 0.95, ""rule_score"": 1.0, ""chunk_id"": ""000"", ""run_id"": ""suomen-tietokirjailijat""}"
suomen-tietokirjailijat,apurahat-esikoistietokirjan-kirjoittamiseen,2026,Vehkasalo Veera,individual,Nuorten huumeidenkäyttö Suomessa,,2000,EUR,https://www.suomentietokirjailijat.fi/kirjailijalle/apurahat/myonnetyt-apurahat/kevaan-apurahansaajat/,,0.9,False,,"{""source_quote"": ""**Vehkasalo Veera**, Helsinki | Nuorten huumeidenkäyttö Suomessa (2 000)"", ""extractor"": ""grantscrape/0.1"", ""foundation"": ""Suomen tietokirjailijat ry"", ""recipient_raw"": ""Vehkasalo Veera"", ""amount_raw"": ""2 000"", ""agent_confidence"": 0.9, ""rule_score"": 1.0, ""chunk_id"": ""001"", ""run_id"": ""suomen-tietokirjailijat""}"
suomen-tietokirjailijat,apurahat-esikoistietokirjan-kirjoittamiseen,2026,Viitanen Antti,individual,3 cities,,2000,EUR,https://www.suomentietokirjailijat.fi/kirjailijalle/apurahat/myonnetyt-apurahat/kevaan-apurahansaajat/,,0.9,False,,"{""source_quote"": ""**Viitanen Antti**, Espoo | 3 cities (2 000)"", ""extractor"": ""grantscrape/0.1"", ""foundation"": ""Suomen tietokirjailijat ry"", ""recipient_raw"": ""Viitanen Antti"", ""amount_raw"": ""2 000"", ""agent_confidence"": 0.9, ""rule_score"": 1.0, ""chunk_id"": ""001"", ""run_id"": ""suomen-tietokirjailijat""}"
suomen-tietokirjailijat,apurahat-puolivuotiseen-tyoskentelyyn,2026,Viren Eetu,individual,Amerikansuomalaisten toiminta Industrial Workers of the World -ammattiliitossa,,12000,EUR,https://www.suomentietokirjailijat.fi/kirjailijalle/apurahat/myonnetyt-apurahat/kevaan-apurahansaajat/,,0.95,False,,"{""source_quote"": ""**Viren Eetu**, Helsinki | Amerikansuomalaisten toiminta Industrial Workers of the World -ammattiliitossa (12 000)"", ""extractor"": ""grantscrape/0.1"", ""foundation"": ""Suomen tietokirjailijat ry"", ""recipient_raw"": ""Viren Eetu"", ""amount_raw"": ""(12 000)"", ""agent_confidence"": 0.95, ""rule_score"": 1.0, ""chunk_id"": ""000"", ""run_id"": ""suomen-tietokirjailijat""}"
suomen-tietokirjailijat,apurahat-puolivuotiseen-tyoskentelyyn,2026,Virkki Pekka,individual,"Hiljainen mies, joka suututti Venäjän: Eero Kekomäen elämä",,12000,EUR,https://www.suomentietokirjailijat.fi/kirjailijalle/apurahat/myonnetyt-apurahat/kevaan-apurahansaajat/,,0.95,False,,"{""source_quote"": ""**Virkki Pekka**, Helsinki | Hiljainen mies, joka suututti Venäjän: Eero Kekomäen elämä (12 000)"", ""extractor"": ""grantscrape/0.1"", ""foundation"": ""Suomen tietokirjailijat ry"", ""recipient_raw"": ""Virkki Pekka"", ""amount_raw"": ""(12 000)"", ""agent_confidence"": 0.95, ""rule_score"": 1.0, ""chunk_id"": ""000"", ""run_id"": ""suomen-tietokirjailijat""}"
suomen-tietokirjailijat,apurahat-esikoistietokirjan-kirjoittamiseen,2026,Virtanen Ari,individual,Höyryvoimalla maailmalle: suomalaisten matkustajahöyrylaivojen sisustuksia 1800-luvun lopusta 1950-luvulle,,2000,EUR,https://www.suomentietokirjailijat.fi/kirjailijalle/apurahat/myonnetyt-apurahat/kevaan-apurahansaajat/,,0.9,False,,"{""source_quote"": ""**Virtanen Ari**, Helsinki | Höyryvoimalla maailmalle: suomalaisten matkustajahöyrylaivojen sisustuksia 1800-luvun lopusta 1950-luvulle (2 000)"", ""extractor"": ""grantscrape/0.1"", ""foundation"": ""Suomen tietokirjailijat ry"", ""recipient_raw"": ""Virtanen Ari"", ""amount_raw"": ""2 000"", ""agent_confidence"": 0.9, ""rule_score"": 1.0, ""chunk_id"": ""001"", ""run_id"": ""suomen-tietokirjailijat""}"
suomen-tietokirjailijat,apurahat-puolivuotiseen-tyoskentelyyn,2026,Väisänen Liisa,individual,Afrikan voodoosta Rock and Rolliin ja kauhuelokuviin,,13000,EUR,https://www.suomentietokirjailijat.fi/kirjailijalle/apurahat/myonnetyt-apurahat/kevaan-apurahansaajat/,,0.95,False,,"{""source_quote"": ""**Väisänen Liisa**, Albolote | Afrikan voodoosta Rock and Rolliin ja kauhuelokuviin (13 000)"", ""extractor"": ""grantscrape/0.1"", ""foundation"": ""Suomen tietokirjailijat ry"", ""recipient_raw"": ""Väisänen Liisa"", ""amount_raw"": ""(13 000)"", ""agent_confidence"": 0.95, ""rule_score"": 1.0, ""chunk_id"": ""000"", ""run_id"": ""suomen-tietokirjailijat""}"
suomen-tietokirjailijat,apurahat-puolivuotiseen-tyoskentelyyn,2026,Välimäki Elina,individual,"Tietoa, tukea, turvaa – Suomi-ihmisiä maailmalla",,13000,EUR,https://www.suomentietokirjailijat.fi/kirjailijalle/apurahat/myonnetyt-apurahat/kevaan-apurahansaajat/,,0.95,False,,"{""source_quote"": ""**Välimäki Elina**, Tampere | Tietoa, tukea, turvaa – Suomi-ihmisiä maailmalla (13 000)"", ""extractor"": ""grantscrape/0.1"", ""foundation"": ""Suomen tietokirjailijat ry"", ""recipient_raw"": ""Välimäki Elina"", ""amount_raw"": ""(13 000)"", ""agent_confidence"": 0.95, ""rule_score"": 1.0, ""chunk_id"": ""000"", ""run_id"": ""suomen-tietokirjailijat""}"
suomen-tietokirjailijat,apurahat-esikoistietokirjan-kirjoittamiseen,2026,Wessman Harri,individual,Säveltäjän läpileikkaus Suomen musiikkielämästä,,2000,EUR,https://www.suomentietokirjailijat.fi/kirjailijalle/apurahat/myonnetyt-apurahat/kevaan-apurahansaajat/,,0.9,False,,"{""source_quote"": ""**Wessman Harri**, Helsinki | Säveltäjän läpileikkaus Suomen musiikkielämästä (2 000)"", ""extractor"": ""grantscrape/0.1"", ""foundation"": ""Suomen tietokirjailijat ry"", ""recipient_raw"": ""Wessman Harri"", ""amount_raw"": ""2 000"", ""agent_confidence"": 0.9, ""rule_score"": 1.0, ""chunk_id"": ""001"", ""run_id"": ""suomen-tietokirjailijat""}"
suomen-tietokirjailijat,apurahat-puolivuotiseen-tyoskentelyyn,2026,Wetterstrand Tuija,individual,Nuijasota Hämeessä 1597,,13000,EUR,https://www.suomentietokirjailijat.fi/kirjailijalle/apurahat/myonnetyt-apurahat/kevaan-apurahansaajat/,,0.95,False,,"{""source_quote"": ""**Wetterstrand Tuija**, Helsinki | Nuijasota Hämeessä 1597 (13 000)"", ""extractor"": ""grantscrape/0.1"", ""foundation"": ""Suomen tietokirjailijat ry"", ""recipient_raw"": ""Wetterstrand Tuija"", ""amount_raw"": ""(13 000)"", ""agent_confidence"": 0.95, ""rule_score"": 1.0, ""chunk_id"": ""000"", ""run_id"": ""suomen-tietokirjailijat""}"
suomen-tietokirjailijat,apurahat-esikoistietokirjan-kirjoittamiseen,2026,Ängeslevä Päivi,individual,Tietokirja lapsen väkivaltaisuudesta,,2000,EUR,https://www.suomentietokirjailijat.fi/kirjailijalle/apurahat/myonnetyt-apurahat/kevaan-apurahansaajat/,,0.9,False,,"{""source_quote"": ""**Ängeslevä Päivi**, Helsinki | Tietokirja lapsen väkivaltaisuudesta (2 000)"", ""extractor"": ""grantscrape/0.1"", ""foundation"": ""Suomen tietokirjailijat ry"", ""recipient_raw"": ""Ängeslevä Päivi"", ""amount_raw"": ""2 000"", ""agent_confidence"": 0.9, ""rule_score"": 1.0, ""chunk_id"": ""001"", ""run_id"": ""suomen-tietokirjailijat""}"
valokuvataiteen-museo,general,2026,Clare Bottomley,individual,You Don't Have to Emerge from Nothing,"Väitöstutkimus, taiteellinen osuus",4000,EUR,https://www.valokuvataiteenmuseo.fi/fi/museoinfo/apurahat-ja-palkinnot/tutkimusapurahat,valokuvatutkimus,0.8,False,,"{""source_quote"": ""Clare Bottomley: Väitöstutkimus, *You Don't Have to Emerge from Nothing,* taiteellinen osuus 4000 euroa"", ""extractor"": ""grantscrape/0.1"", ""foundation"": ""Suomen valokuvataiteen museo"", ""recipient_raw"": ""Clare Bottomley"", ""amount_raw"": ""4000 euroa"", ""agent_confidence"": 0.8, ""rule_score"": 1.0, ""notes"": ""Purpose text split around the italicized project title; exact segmentation of purpose vs title is inferred."", ""chunk_id"": ""000"", ""run_id"": ""valokuvataiteen-museo""}"
valokuvataiteen-museo,general,2026,Nina Vatanen,individual,,Kuvatoimisto Kuvakeskuksen negatiivikokoelman tutkiminen,4000,EUR,https://www.valokuvataiteenmuseo.fi/fi/museoinfo/apurahat-ja-palkinnot/tutkimusapurahat,valokuvatutkimus,0.9,False,,"{""source_quote"": ""Nina Vatanen: Kuvatoimisto Kuvakeskuksen negatiivikokoelman tutkiminen, 4000 euroa."", ""extractor"": ""grantscrape/0.1"", ""foundation"": ""Suomen valokuvataiteen museo"", ""recipient_raw"": ""Nina Vatanen"", ""amount_raw"": ""4000 euroa"", ""agent_confidence"": 0.9, ""rule_score"": 1.0, ""chunk_id"": ""000"", ""run_id"": ""valokuvataiteen-museo""}"
valokuvataiteen-museo,general,2026,Olavi Hankimo,individual,,"Arkistointityö, 1886–1917 valmistetut valokuvapostikortit",8000,EUR,https://www.valokuvataiteenmuseo.fi/fi/museoinfo/apurahat-ja-palkinnot/tutkimusapurahat,valokuvatutkimus,0.9,False,,"{""source_quote"": ""Olavi Hankimo: Arkistointityö, 1886–1917 valmistetut valokuvapostikortit, 8000 euroa."", ""extractor"": ""grantscrape/0.1"", ""foundation"": ""Suomen valokuvataiteen museo"", ""recipient_raw"": ""Olavi Hankimo"", ""amount_raw"": ""8000 euroa"", ""agent_confidence"": 0.9, ""rule_score"": 1.0, ""chunk_id"": ""000"", ""run_id"": ""valokuvataiteen-museo""}"
valokuvataiteen-museo,general,2026,Ville Rinne,individual,Post-dokumentaarisen valokuvan narratiivisuus,"Väitöstutkimus, työskentelyapuraha",6000,EUR,https://www.valokuvataiteenmuseo.fi/fi/museoinfo/apurahat-ja-palkinnot/tutkimusapurahat,valokuvatutkimus,0.8,False,,"{""source_quote"": ""Ville Rinne: Väitöstutkimus, *Post-dokumentaarisen valokuvan narratiivisuus,* työskentelyapuraha, 6000 euroa"", ""extractor"": ""grantscrape/0.1"", ""foundation"": ""Suomen valokuvataiteen museo"", ""recipient_raw"": ""Ville Rinne"", ""amount_raw"": ""6000 euroa"", ""agent_confidence"": 0.8, ""rule_score"": 1.0, ""notes"": ""Purpose text split around the italicized project title; exact segmentation of purpose vs title is inferred."", ""chunk_id"": ""000"", ""run_id"": ""valokuvataiteen-museo""}"
valokuvataiteen-museo,general,2025,Darja Zaitsev,individual,,"Zaitsevin väitöstutkimus tutkii Valokuvataiteilijoiden liiton ja alueellisten valokuvakeskusten roolia suomalaisen valokuvataiteen kentällä. Se tarkastelee suomalaisen valokuvataiteen kentän vapaiden toimijoiden, liiton ja alueellisten valokuvakeskusten historiaa, nykytilannetta ja tulevaisuutta.",7000,EUR,https://www.valokuvataiteenmuseo.fi/fi/museoinfo/apurahat-ja-palkinnot/tutkimusapurahat,valokuvatutkimus,0.8,False,,"{""source_quote"": ""7000 euroa MA/TaM **Darja Zaitseville** hänen väitöskirjatutkimustaan varten."", ""extractor"": ""grantscrape/0.1"", ""foundation"": ""Suomen valokuvataiteen museo"", ""recipient_raw"": ""Darja Zaitseville"", ""amount_raw"": ""7000 euroa"", ""agent_confidence"": 0.8, ""rule_score"": 0.9, ""review_reasons"": [""recipient_name rewritten from source (zaitsev not in 'Darja Zaitseville'): check spelling""], ""notes"": ""Recipient name given in inflected (allative) form 'Zaitseville'; undone to nominative 'Zaitsev' following the Lindqvist-example rule. Discipline inferred from section heading 'valokuvatutkimus'."", ""chunk_id"": ""001"", ""run_id"": ""valokuvataiteen-museo"", ""purpose"": ""hänen väitöskirjatutkimustaan varten.""}"
valokuvataiteen-museo,general,2025,Suzanne Mooney,individual,Looking with and through Glass in Proximity to Photography,hänen väitöskirjansa ”Looking with and through Glass in Proximity to Photography” kirjallisen osuuden kirjoittamiseen ja viimeistelyyn.,3000,EUR,https://www.valokuvataiteenmuseo.fi/fi/museoinfo/apurahat-ja-palkinnot/tutkimusapurahat,valokuvatutkimus,0.8,False,,"{""source_quote"": ""3000 euroa MA **Suzanne Mooneylle** hänen väitöskirjansa ”Looking with and through Glass in Proximity to Photography” kirjallisen osuuden kirjoittamiseen ja viimeistelyyn."", ""extractor"": ""grantscrape/0.1"", ""foundation"": ""Suomen valokuvataiteen museo"", ""recipient_raw"": ""Suzanne Mooneylle"", ""amount_raw"": ""3000 euroa"", ""agent_confidence"": 0.8, ""rule_score"": 0.9, ""review_reasons"": [""recipient_name rewritten from source (mooney not in 'Suzanne Mooneylle'): check spelling""], ""notes"": ""Recipient name given in inflected (allative) form 'Mooneylle'; undone to nominative 'Mooney'. Discipline inferred from section heading 'valokuvatutkimus'."", ""chunk_id"": ""001"", ""run_id"": ""valokuvataiteen-museo""}"
valokuvataiteen-museo,general,2024,Kari Silvola,individual,A Darkroom of My Own; The Confessions of a Male Model,mainos- ja muotikuviin pohjautuvan sisäistettyä itsesyrjintää ja passing-ilmiötä käsittelevän artikkeliväitöskirjan viimeistelyyn,4000,EUR,https://www.valokuvataiteenmuseo.fi/fi/museoinfo/apurahat-ja-palkinnot/tutkimusapurahat,valokuvatutkimus,0.8,False,,"{""source_quote"": ""4000 euroa FM **Kari Silvolalle** mainos- ja muotikuviin pohjautuvan sisäistettyä itsesyrjintää ja passing-ilmiötä käsittelevän artikkeliväitöskirjan *A Darkroom of My Own; The Confessions of a Male Model*viimeistelyyn."", ""extractor"": ""grantscrape/0.1"", ""foundation"": ""Suomen valokuvataiteen museo"", ""recipient_raw"": ""Kari Silvolalle"", ""amount_raw"": ""4000 euroa"", ""agent_confidence"": 0.8, ""rule_score"": 0.9, ""review_reasons"": [""recipient_name rewritten from source (silvola not in 'Kari Silvolalle'): check spelling""], ""notes"": ""Name inflected as 'Kari Silvolalle' in source; undone to nominative 'Kari Silvola'."", ""chunk_id"": ""002"", ""run_id"": ""valokuvataiteen-museo""}"
valokuvataiteen-museo,general,2024,Minna Ijäs,individual,Muotokuvia kotona. Esittäytymisen tapoja H. Attilan valokuvissa 1920–1930-luvuilla,valokuvaaja H. Attilan kuvia käsittelevän väitöskirjan viimeistelyyn,6000,EUR,https://www.valokuvataiteenmuseo.fi/fi/museoinfo/apurahat-ja-palkinnot/tutkimusapurahat,valokuvatutkimus,0.8,False,,"{""source_quote"": ""6000 euroa FM **Minna Ijäkselle** valokuvaaja H. Attilan kuvia käsittelevän väitöskirjan viimeistelyyn. Väitöskirjan työnimi on *Muotokuvia kotona. Esittäytymisen tapoja H. Attilan valokuvissa 1920–1930-luvuilla*."", ""extractor"": ""grantscrape/0.1"", ""foundation"": ""Suomen valokuvataiteen museo"", ""recipient_raw"": ""Minna Ijäkselle"", ""amount_raw"": ""6000 euroa"", ""agent_confidence"": 0.8, ""rule_score"": 0.9, ""review_reasons"": [""recipient_name rewritten from source (ijäs not in 'Minna Ijäkselle'): check spelling""], ""notes"": ""Name inflected as 'Minna Ijäkselle' in source; undone to nominative 'Minna Ijäs'."", ""chunk_id"": ""002"", ""run_id"": ""valokuvataiteen-museo""}"
valokuvataiteen-museo,general,2023,Aura Saarikoski,individual,Sumuiset todet – autofiktion ilmentymiä valokuvataiteessa,väitöskirjan Sumuiset todet – autofiktion ilmentymiä valokuvataiteessa edistämiseen.,5000,EUR,https://www.valokuvataiteenmuseo.fi/fi/museoinfo/apurahat-ja-palkinnot/tutkimusapurahat,valokuvatutkimus,0.8,False,,"{""source_quote"": ""5000 euroa TaM **Aura Saarikoskelle** väitöskirjan *Sumuiset todet – autofiktion ilmentymiä valokuvataiteessa* edistämiseen."", ""extractor"": ""grantscrape/0.1"", ""foundation"": ""Suomen valokuvataiteen museo"", ""recipient_raw"": ""Aura Saarikoskelle"", ""amount_raw"": ""5000 euroa"", ""agent_confidence"": 0.8, ""rule_score"": 0.9, ""review_reasons"": [""recipient_name rewritten from source (saarikoski not in 'Aura Saarikoskelle'): check spelling""], ""notes"": ""Name was in inflected form (Saarikoskelle) in the source; converted to nominative (Saarikoski)."", ""chunk_id"": ""003"", ""run_id"": ""valokuvataiteen-museo""}"
valokuvataiteen-museo,general,2023,Lumi (Hannele) Kauppinen,individual,,eläinkuvan murrosta käsittelevään monografiaväitöskirjaan.,5000,EUR,https://www.valokuvataiteenmuseo.fi/fi/museoinfo/apurahat-ja-palkinnot/tutkimusapurahat,valokuvatutkimus,0.8,False,,"{""source_quote"": ""5000 euroa MA, BA **Lumi (Hannele) Kauppiselle** eläinkuvan murrosta käsittelevään monografiaväitöskirjaan."", ""extractor"": ""grantscrape/0.1"", ""foundation"": ""Suomen valokuvataiteen museo"", ""recipient_raw"": ""Lumi (Hannele) Kauppiselle"", ""amount_raw"": ""5000 euroa"", ""agent_confidence"": 0.8, ""rule_score"": 0.9, ""review_reasons"": [""recipient_name rewritten from source (kauppinen not in 'Lumi (Hannele) Kauppiselle'): check spelling""], ""notes"": ""Name was in inflected form (Kauppiselle) in the source; converted to nominative (Kauppinen)."", ""chunk_id"": ""003"", ""run_id"": ""valokuvataiteen-museo""}"
valokuvataiteen-museo,general,2022,Johanna Frigård ja työryhmä,group,Naisvalokuvaajat Suomessa,tutkimukseen,10000,EUR,https://www.valokuvataiteenmuseo.fi/fi/museoinfo/apurahat-ja-palkinnot/tutkimusapurahat,valokuvatutkimus,0.8,False,,"{""source_quote"": ""myöntänyt Börje ja Dagmar Söderholmin rahaston apurahan 10.000 euroa FT **Johanna Frigårdille ja työryhmälle** tutkimukseen *Naisvalokuvaajat Suomessa*"", ""extractor"": ""grantscrape/0.1"", ""foundation"": ""Suomen valokuvataiteen museo"", ""recipient_raw"": ""Johanna Frigårdille ja työryhmälle"", ""amount_raw"": ""10.000 euroa"", ""agent_confidence"": 0.8, ""rule_score"": 0.9, ""review_reasons"": [""recipient_name rewritten from source (frigård, työryhmä not in 'Johanna Frigårdille ja työryhmälle'): check spelling""], ""notes"": ""Recipient name inflected in source (Frigårdille, työryhmälle); converted to nominative form Johanna Frigård ja työryhmä."", ""chunk_id"": ""004"", ""run_id"": ""valokuvataiteen-museo""}"
valokuvataiteen-museo,general,2021,Hanna Timonen,individual,"Seriality, the Everyday and Vernacular Attitude",väitöskirjaan,5000,EUR,https://www.valokuvataiteenmuseo.fi/fi/museoinfo/apurahat-ja-palkinnot/tutkimusapurahat,valokuvatutkimus,0.85,False,,"{""source_quote"": ""TaM **Hanna Timonen** 5000 euroa väitöskirjaan *Seriality, the Everyday and Vernacular Attitude*."", ""extractor"": ""grantscrape/0.1"", ""foundation"": ""Suomen valokuvataiteen museo"", ""recipient_raw"": ""TaM **Hanna Timonen**"", ""amount_raw"": ""5000 euroa"", ""agent_confidence"": 0.85, ""rule_score"": 1.0, ""notes"": ""Discipline inferred from section heading."", ""chunk_id"": ""005"", ""run_id"": ""valokuvataiteen-museo""}"
valokuvataiteen-museo,general,2021,Petri Juntunen,individual,Photography´s Transformation Within Virtual Reality.,väitöskirjaan,5000,EUR,https://www.valokuvataiteenmuseo.fi/fi/museoinfo/apurahat-ja-palkinnot/tutkimusapurahat,valokuvatutkimus,0.85,False,,"{""source_quote"": ""TaM **Petri Juntunen** 5000 euroa väitöskirjaan *Photography´s Transformation Within Virtual Reality.*"", ""extractor"": ""grantscrape/0.1"", ""foundation"": ""Suomen valokuvataiteen museo"", ""recipient_raw"": ""TaM **Petri Juntunen**"", ""amount_raw"": ""5000 euroa"", ""agent_confidence"": 0.85, ""rule_score"": 1.0, ""notes"": ""Discipline inferred from section heading; title trailing period may belong to sentence not title."", ""chunk_id"": ""005"", ""run_id"": ""valokuvataiteen-museo""}"
valokuvataiteen-museo,general,2020,Carlos Idrobo,individual,"Walking between Time, Memory and Oblivion - The Walking / Photography of Jouko Leskelä, Jari Silomäki and Juha Suonpää",artikkeliin,3000,EUR,https://www.valokuvataiteenmuseo.fi/fi/museoinfo/apurahat-ja-palkinnot/tutkimusapurahat,valokuvatutkimus,0.9,False,,"{""source_quote"": ""Dr. **Carlos Idrobo**, 3000 e artikkeliin *Walking between Time, Memory and Oblivion - The Walking / Photography of Jouko Leskelä, Jari Silomäki and Juha Suonpää*"", ""extractor"": ""grantscrape/0.1"", ""foundation"": ""Suomen valokuvataiteen museo"", ""recipient_raw"": ""Dr. **Carlos Idrobo**"", ""amount_raw"": ""3000 e"", ""agent_confidence"": 0.9, ""rule_score"": 1.0, ""notes"": ""Dropped academic title 'Dr.' from recipient_name."", ""chunk_id"": ""006"", ""run_id"": ""valokuvataiteen-museo""}"
valokuvataiteen-museo,general,2020,Laura Nissinen,individual,Ensimmäiset suomalaiset lehtikuvaajanaiset,tutkimushankkeeseen,5000,EUR,https://www.valokuvataiteenmuseo.fi/fi/museoinfo/apurahat-ja-palkinnot/tutkimusapurahat,valokuvatutkimus,0.9,False,,"{""source_quote"": ""TaM **Laura Nissinen**, 5000 e tutkimushankkeeseen Ensimmäiset suomalaiset lehtikuvaajanaiset"", ""extractor"": ""grantscrape/0.1"", ""foundation"": ""Suomen valokuvataiteen museo"", ""recipient_raw"": ""TaM **Laura Nissinen**"", ""amount_raw"": ""5000 e"", ""agent_confidence"": 0.9, ""rule_score"": 1.0, ""notes"": ""Dropped academic title 'TaM' from recipient_name."", ""chunk_id"": ""006"", ""run_id"": ""valokuvataiteen-museo""}"
valokuvataiteen-museo,general,2020,Tuuli Matila,individual,Sotiemme kuvallinen perintö: SA-kuvat ja kansallinen muisti,väitöskirjan artikkeliin,2000,EUR,https://www.valokuvataiteenmuseo.fi/fi/museoinfo/apurahat-ja-palkinnot/tutkimusapurahat,valokuvatutkimus,0.9,False,,"{""source_quote"": ""FM **Tuuli Matila** 2000 e väitöskirjan artikkeliin *Sotiemme kuvallinen perintö: SA-kuvat ja kansallinen muisti*"", ""extractor"": ""grantscrape/0.1"", ""foundation"": ""Suomen valokuvataiteen museo"", ""recipient_raw"": ""FM **Tuuli Matila**"", ""amount_raw"": ""2000 e"", ""agent_confidence"": 0.9, ""rule_score"": 1.0, ""notes"": ""Dropped academic title 'FM' from recipient_name."", ""chunk_id"": ""006"", ""run_id"": ""valokuvataiteen-museo""}"
valokuvataiteen-museo,general,2019,Asko Mäkelä,individual,Rakennettu suurmies – Alvar Aallon maineen rakentuminen valokuvina,artikkeliin Rakennettu suurmies – Alvar Aallon maineen rakentuminen valokuvina,3000,EUR,https://www.valokuvataiteenmuseo.fi/fi/museoinfo/apurahat-ja-palkinnot/tutkimusapurahat,valokuvatutkimus,0.9,False,,"{""source_quote"": ""FL **Asko Mäkelä**, 3000 e artikkeliin *Rakennettu suurmies – Alvar Aallon maineen rakentuminen valokuvina*"", ""extractor"": ""grantscrape/0.1"", ""foundation"": ""Suomen valokuvataiteen museo"", ""recipient_raw"": ""**Asko Mäkelä**"", ""amount_raw"": ""3000 e"", ""agent_confidence"": 0.9, ""rule_score"": 1.0, ""chunk_id"": ""007"", ""run_id"": ""valokuvataiteen-museo""}"
valokuvataiteen-museo,general,2019,Harri Kalha,individual,Piktorialismia postitse: Valokuvan taide ja teollinen valokuvatuotanto,artikkeliin Piktorialismia postitse: Valokuvan taide ja teollinen valokuvatuotanto,4000,EUR,https://www.valokuvataiteenmuseo.fi/fi/museoinfo/apurahat-ja-palkinnot/tutkimusapurahat,valokuvatutkimus,0.9,False,,"{""source_quote"": ""FT **Harri Kalha**, 4000 e artikkeliin *Piktorialismia postitse: Valokuvan taide ja teollinen valokuvatuotanto*"", ""extractor"": ""grantscrape/0.1"", ""foundation"": ""Suomen valokuvataiteen museo"", ""recipient_raw"": ""**Harri Kalha**"", ""amount_raw"": ""4000 e"", ""agent_confidence"": 0.9, ""rule_score"": 1.0, ""chunk_id"": ""007"", ""run_id"": ""valokuvataiteen-museo""}"
valokuvataiteen-museo,general,2019,Mervi Löfgren,individual,,artikkeliin valokuvaaja Marja Vuorelaisesta,3000,EUR,https://www.valokuvataiteenmuseo.fi/fi/museoinfo/apurahat-ja-palkinnot/tutkimusapurahat,valokuvatutkimus,0.9,False,,"{""source_quote"": ""TaT **Mervi Löfgren**, 3000 e artikkeliin valokuvaaja Marja Vuorelaisesta"", ""extractor"": ""grantscrape/0.1"", ""foundation"": ""Suomen valokuvataiteen museo"", ""recipient_raw"": ""**Mervi Löfgren**"", ""amount_raw"": ""3000 e"", ""agent_confidence"": 0.9, ""rule_score"": 1.0, ""chunk_id"": ""007"", ""run_id"": ""valokuvataiteen-museo""}"
valokuvataiteen-museo,general,2018,Jane Vuorinen,individual,Sculptural Forms and Displays in Contemporary Photographic Art,väitöskirjan artikkeliin,2000,EUR,https://www.valokuvataiteenmuseo.fi/fi/museoinfo/apurahat-ja-palkinnot/tutkimusapurahat,,0.8,False,,"{""source_quote"": ""**Jane Vuoriselle** 2000 euroa"", ""extractor"": ""grantscrape/0.1"", ""foundation"": ""Suomen valokuvataiteen museo"", ""recipient_raw"": ""FM **Jane Vuoriselle**"", ""amount_raw"": ""2000 euroa"", ""agent_confidence"": 0.8, ""rule_score"": 0.9, ""review_reasons"": [""recipient_name rewritten from source (vuorinen not in 'FM **Jane Vuoriselle**'): check spelling""], ""notes"": ""Name was inflected (Vuoriselle) and title FM dropped to reach nominative form 'Jane Vuorinen'."", ""chunk_id"": ""008"", ""run_id"": ""valokuvataiteen-museo""}"
valokuvataiteen-museo,general,2018,Julia Kartesalo,individual,Alfred Nybom's formation as a photographer – Encounters and influences in Germany and Austria in the early 1900s,artikkeliin,3000,EUR,https://www.valokuvataiteenmuseo.fi/fi/museoinfo/apurahat-ja-palkinnot/tutkimusapurahat,,0.8,False,,"{""source_quote"": ""**Julia Kartesalolle** 3000 euroa"", ""extractor"": ""grantscrape/0.1"", ""foundation"": ""Suomen valokuvataiteen museo"", ""recipient_raw"": ""FM **Julia Kartesalolle**"", ""amount_raw"": ""3000 euroa"", ""agent_confidence"": 0.8, ""rule_score"": 0.9, ""review_reasons"": [""recipient_name rewritten from source (kartesalo not in 'FM **Julia Kartesalolle**'): check spelling""], ""notes"": ""Name was inflected (Kartesalolle) and title FM dropped to reach nominative form 'Julia Kartesalo'."", ""chunk_id"": ""008"", ""run_id"": ""valokuvataiteen-museo""}"
valokuvataiteen-museo,general,2018,Matti Niemi,individual,,valokuvaaja Ismo Höltön elämäntarinan kirjoittamiseen,4000,EUR,https://www.valokuvataiteenmuseo.fi/fi/museoinfo/apurahat-ja-palkinnot/tutkimusapurahat,,0.8,False,,"{""source_quote"": ""**Matti Niemelle** 4000 euroa"", ""extractor"": ""grantscrape/0.1"", ""foundation"": ""Suomen valokuvataiteen museo"", ""recipient_raw"": ""valokuvaaja **Matti Niemelle**"", ""amount_raw"": ""4000 euroa"", ""agent_confidence"": 0.8, ""rule_score"": 0.9, ""review_reasons"": [""recipient_name rewritten from source (niemi not in 'valokuvaaja **Matti Niemelle**'): check spelling""], ""notes"": ""Name was inflected (Niemelle) and occupation 'valokuvaaja' dropped to reach nominative form 'Matti Niemi'."", ""chunk_id"": ""008"", ""run_id"": ""valokuvataiteen-museo""}"
valokuvataiteen-museo,general,2018,Miklos Gaál ja Tuukka Kaila,group,Materiaalin ja aineettomuuden tuntu. Valokuvan vedostaminen ilmaisullisena elementtinä,artikkeliin,2000,EUR,https://www.valokuvataiteenmuseo.fi/fi/museoinfo/apurahat-ja-palkinnot/tutkimusapurahat,,0.8,False,,"{""source_quote"": ""**Miklos Gaálille** ja TaM **Tuukka Kailalle** 2000 euroa"", ""extractor"": ""grantscrape/0.1"", ""foundation"": ""Suomen valokuvataiteen museo"", ""recipient_raw"": ""TaM **Miklos Gaálille** ja TaM **Tuukka Kailalle**"", ""amount_raw"": ""2000 euroa"", ""agent_confidence"": 0.8, ""rule_score"": 0.9, ""review_reasons"": [""recipient_name rewritten from source (gaál, kaila not in 'TaM **Miklos Gaálille** ja TaM **Tuukka Kailalle**'): check spelling""], ""notes"": ""Names were in inflected form (Gaálille, Kailalle) and titles (TaM) dropped/undone to nominative; joint recipients combined onto one row."", ""chunk_id"": ""008"", ""run_id"": ""valokuvataiteen-museo""}"
valokuvataiteen-museo,general,2018,Tiina Salmi,individual,Do it yourself – Embodied Agencies in Self-Portrait Photography of the 2010s,väitöskirjatutkimukseen,4000,EUR,https://www.valokuvataiteenmuseo.fi/fi/museoinfo/apurahat-ja-palkinnot/tutkimusapurahat,,0.8,False,,"{""source_quote"": ""**Tiina Salmialle** 4000 euroa"", ""extractor"": ""grantscrape/0.1"", ""foundation"": ""Suomen valokuvataiteen museo"", ""recipient_raw"": ""FM **Tiina Salmialle**"", ""amount_raw"": ""4000 euroa"", ""agent_confidence"": 0.8, ""rule_score"": 0.9, ""review_reasons"": [""recipient_name rewritten from source (salmi not in 'FM **Tiina Salmialle**'): check spelling""], ""notes"": ""Name was inflected (Salmialle) and title FM dropped to reach nominative form 'Tiina Salmi'."", ""chunk_id"": ""008"", ""run_id"": ""valokuvataiteen-museo""}"
valokuvataiteen-museo,general,2017,Kati Lintonen,individual,Biosentristen näkökulmien mahdollisuudet 1800-luvun suomalaisen luontoaiheisen valokuvan tarkastelussa,artikkeliin,2000,EUR,https://www.valokuvataiteenmuseo.fi/fi/museoinfo/apurahat-ja-palkinnot/tutkimusapurahat,valokuvatutkimus,0.8,False,,"{""source_quote"": ""FT Kati Lintoselle 2 000 euroa artikkeliin *Biosentristen näkökulmien mahdollisuudet 1800-luvun suomalaisen luontoaiheisen valokuvan tarkastelussa*,"", ""extractor"": ""grantscrape/0.1"", ""foundation"": ""Suomen valokuvataiteen museo"", ""recipient_raw"": ""FT Kati Lintoselle"", ""amount_raw"": ""2 000 euroa"", ""agent_confidence"": 0.8, ""rule_score"": 0.9, ""review_reasons"": [""recipient_name rewritten from source (lintonen not in 'FT Kati Lintoselle'): check spelling""], ""notes"": ""Name was in inflected dative form (Lintoselle) and undone to nominative; title FT dropped."", ""chunk_id"": ""009"", ""run_id"": ""valokuvataiteen-museo""}"
valokuvataiteen-museo,general,2017,Olli Kleemola,individual,Sodan kuvat muistin rakennuspuina – valokuvateosten luoma kuva Suomen sodista,post doc –tutkimukseen,4000,EUR,https://www.valokuvataiteenmuseo.fi/fi/museoinfo/apurahat-ja-palkinnot/tutkimusapurahat,valokuvatutkimus,0.8,False,,"{""source_quote"": ""FT Olli Kleemolalle 4 000 euroa post doc –tutkimukseen *Sodan kuvat muistin rakennuspuina – valokuvateosten luoma kuva Suomen sodista*,"", ""extractor"": ""grantscrape/0.1"", ""foundation"": ""Suomen valokuvataiteen museo"", ""recipient_raw"": ""FT Olli Kleemolalle"", ""amount_raw"": ""4 000 euroa"", ""agent_confidence"": 0.8, ""rule_score"": 0.9, ""review_reasons"": [""recipient_name rewritten from source (kleemola not in 'FT Olli Kleemolalle'): check spelling""], ""notes"": ""Name was in inflected dative form (Kleemolalle) and undone to nominative; title FT dropped."", ""chunk_id"": ""009"", ""run_id"": ""valokuvataiteen-museo""}"
valokuvataiteen-museo,general,2017,Satu Savia,individual,Digitaalisen humanismin tapaustutkimus – Tyyne Savian 1920-luvun valokuvamuotokuvat,artikkeliin,2000,EUR,https://www.valokuvataiteenmuseo.fi/fi/museoinfo/apurahat-ja-palkinnot/tutkimusapurahat,valokuvatutkimus,0.8,False,,"{""source_quote"": ""FM Satu Savialle 2 000 euroa artikkeliin *Digitaalisen humanismin tapaustutkimus – Tyyne Savian 1920-luvun valokuvamuotokuvat*."", ""extractor"": ""grantscrape/0.1"", ""foundation"": ""Suomen valokuvataiteen museo"", ""recipient_raw"": ""FM Satu Savialle"", ""amount_raw"": ""2 000 euroa"", ""agent_confidence"": 0.8, ""rule_score"": 0.9, ""review_reasons"": [""recipient_name rewritten from source (savia not in 'FM Satu Savialle'): check spelling""], ""notes"": ""Name was in inflected dative form (Savialle) and undone to nominative; title FM dropped."", ""chunk_id"": ""009"", ""run_id"": ""valokuvataiteen-museo""}"
valokuvataiteen-museo,general,2017,Yki Hytönen,individual,,Kameraseuran 100-vuotishistorian kirjoitukseen,6000,EUR,https://www.valokuvataiteenmuseo.fi/fi/museoinfo/apurahat-ja-palkinnot/tutkimusapurahat,valokuvatutkimus,0.8,False,,"{""source_quote"": ""FM Yki Hytöselle 6 000 euroa Kameraseuran 100-vuotishistorian kirjoitukseen,"", ""extractor"": ""grantscrape/0.1"", ""foundation"": ""Suomen valokuvataiteen museo"", ""recipient_raw"": ""FM Yki Hytöselle"", ""amount_raw"": ""6 000 euroa"", ""agent_confidence"": 0.8, ""rule_score"": 0.9, ""review_reasons"": [""recipient_name rewritten from source (hytönen not in 'FM Yki Hytöselle'): check spelling""], ""notes"": ""Name was in inflected dative form (Hytöselle) and undone to nominative; title FM dropped."", ""chunk_id"": ""009"", ""run_id"": ""valokuvataiteen-museo""}"
valokuvataiteen-museo,general,2016,Marika Honkaniemi,individual,Valokuvien vaikutusvalta – Jatkosodan suomalaissaksalaisen näyttelyvaihdon TK- ja PK-valokuvat aikansa poliittis-kulttuurisella kentällä,väitöstutkimukseen,6000,EUR,https://www.valokuvataiteenmuseo.fi/fi/museoinfo/apurahat-ja-palkinnot/tutkimusapurahat,valokuvatutkimus,0.8,False,,"{""source_quote"": ""FM Marika Honkaniemelle 6 000 euroa väitöstutkimukseen *Valokuvien vaikutusvalta – Jatkosodan suomalaissaksalaisen näyttelyvaihdon TK- ja PK-valokuvat aikansa poliittis-kulttuurisella kentällä,*"", ""extractor"": ""grantscrape/0.1"", ""foundation"": ""Suomen valokuvataiteen museo"", ""recipient_raw"": ""Marika Honkaniemelle"", ""amount_raw"": ""6 000 euroa"", ""agent_confidence"": 0.8, ""rule_score"": 0.9, ""review_reasons"": [""recipient_name rewritten from source (honkaniemi not in 'Marika Honkaniemelle'): check spelling""], ""notes"": ""Name inflected in source ('Marika Honkaniemelle') and converted to nominative form."", ""chunk_id"": ""010"", ""run_id"": ""valokuvataiteen-museo""}"
valokuvataiteen-museo,general,2016,Pauliina Pasanen,individual,Työpajat valokuvauksen opetuksessa – Kolmen dokumenttivalokuvauksen työpajan opetusmetodien ja oppimisprosessien vertailua,kansainvälisen osion toteuttamiseen väitöstutkimuksessa,2000,EUR,https://www.valokuvataiteenmuseo.fi/fi/museoinfo/apurahat-ja-palkinnot/tutkimusapurahat,valokuvatutkimus,0.8,False,,"{""source_quote"": ""TaM Pauliina Pasaselle 2 000 euroa kansainvälisen osion toteuttamiseen väitöstutkimuksessa *Työpajat valokuvauksen opetuksessa – Kolmen dokumenttivalokuvauksen työpajan opetusmetodien ja oppimisprosessien vertailua*."", ""extractor"": ""grantscrape/0.1"", ""foundation"": ""Suomen valokuvataiteen museo"", ""recipient_raw"": ""Pauliina Pasaselle"", ""amount_raw"": ""2 000 euroa"", ""agent_confidence"": 0.8, ""rule_score"": 0.9, ""review_reasons"": [""recipient_name rewritten from source (pasanen not in 'Pauliina Pasaselle'): check spelling""], ""notes"": ""Name inflected in source ('Pauliina Pasaselle') and converted to nominative form."", ""chunk_id"": ""010"", ""run_id"": ""valokuvataiteen-museo""}"
valokuvataiteen-museo,general,2015,Eemeli Hakokönkää,individual,,tutkimustyöhön Yhtyneitten Kuvalehtien kuva-arkistossa.,2000,EUR,https://www.valokuvataiteenmuseo.fi/fi/museoinfo/apurahat-ja-palkinnot/tutkimusapurahat,valokuvatutkimus,0.7,False,,"{""source_quote"": ""YM Eemeli Hakokönkäälle 2 000 euroa"", ""extractor"": ""grantscrape/0.1"", ""foundation"": ""Suomen valokuvataiteen museo"", ""recipient_raw"": ""YM Eemeli Hakokönkäälle"", ""amount_raw"": ""2 000 euroa"", ""agent_confidence"": 0.7, ""rule_score"": 0.9, ""review_reasons"": [""recipient_name rewritten from source (hakokönkää not in 'YM Eemeli Hakokönkäälle'): check spelling""], ""notes"": ""Recipient name inflected in source (dative 'Hakokönkäälle'); nominative form inferred with some uncertainty due to unusual surname ending."", ""chunk_id"": ""011"", ""run_id"": ""valokuvataiteen-museo""}"
valokuvataiteen-museo,general,2015,Jari Silomäki,individual,Henkilöohjaus dokumentaarisessa ja lavastetussa valokuvassa,väitöstutkimukseen,5000,EUR,https://www.valokuvataiteenmuseo.fi/fi/museoinfo/apurahat-ja-palkinnot/tutkimusapurahat,valokuvatutkimus,0.8,False,,"{""source_quote"": ""TaM Jari Silomäelle 5 000 euroa"", ""extractor"": ""grantscrape/0.1"", ""foundation"": ""Suomen valokuvataiteen museo"", ""recipient_raw"": ""TaM Jari Silomäelle"", ""amount_raw"": ""5 000 euroa"", ""agent_confidence"": 0.8, ""rule_score"": 0.9, ""review_reasons"": [""recipient_name rewritten from source (silomäki not in 'TaM Jari Silomäelle'): check spelling""], ""notes"": ""Recipient name inflected in source (dative 'Silomäelle'); nominative form 'Jari Silomäki' inferred."", ""chunk_id"": ""011"", ""run_id"": ""valokuvataiteen-museo""}"
valokuvataiteen-museo,general,2015,Leena Saraste,individual,Kolme kadonnutta näyttelyä,artikkeliin,3000,EUR,https://www.valokuvataiteenmuseo.fi/fi/museoinfo/apurahat-ja-palkinnot/tutkimusapurahat,valokuvatutkimus,0.8,False,,"{""source_quote"": ""FT Leena Sarasteelle 3 000 euroa"", ""extractor"": ""grantscrape/0.1"", ""foundation"": ""Suomen valokuvataiteen museo"", ""recipient_raw"": ""FT Leena Sarasteelle"", ""amount_raw"": ""3 000 euroa"", ""agent_confidence"": 0.8, ""rule_score"": 0.9, ""review_reasons"": [""recipient_name rewritten from source (saraste not in 'FT Leena Sarasteelle'): check spelling""], ""notes"": ""Recipient name inflected in source (dative 'Sarasteelle'); nominative form 'Leena Saraste' inferred."", ""chunk_id"": ""011"", ""run_id"": ""valokuvataiteen-museo""}"
valokuvataiteen-museo,general,2014,Emmi Kattelus,individual,"Dokumentarismi – vähemmistöryhmät 1960-luvulla Ismo Höltön, Mikko Savolaisen ja Pertti Hietasen kuvissa",pro gradu -tutkielmaan,500,EUR,https://www.valokuvataiteenmuseo.fi/fi/museoinfo/apurahat-ja-palkinnot/tutkimusapurahat,valokuvatutkimus,0.8,False,,"{""source_quote"": ""Emmi Kattelukselle 500 euroa pro gradu -tutkielmaan  *Dokumentarismi – vähemmistöryhmät 1960-luvulla Ismo Höltön, Mikko Savolaisen ja Pertti Hietasen kuvissa*."", ""extractor"": ""grantscrape/0.1"", ""foundation"": ""Suomen valokuvataiteen museo"", ""recipient_raw"": ""Emmi Kattelukselle"", ""amount_raw"": ""500 euroa"", ""agent_confidence"": 0.8, ""rule_score"": 0.9, ""review_reasons"": [""recipient_name rewritten from source (kattelus not in 'Emmi Kattelukselle'): check spelling""], ""notes"": ""Name was inflected (\""Kattelukselle\"") and undone to nominative form."", ""chunk_id"": ""012"", ""run_id"": ""valokuvataiteen-museo""}"
valokuvataiteen-museo,general,2014,Jalo Porkkala,individual,,dagerrotypiavalokuvatekniikan tutkimukseen,5000,EUR,https://www.valokuvataiteenmuseo.fi/fi/museoinfo/apurahat-ja-palkinnot/tutkimusapurahat,valokuvatutkimus,0.8,False,,"{""source_quote"": ""Valokuvaaja Jalo Porkkalalle dagerrotypiavalokuvatekniikan tutkimukseen 5 000 euroa,"", ""extractor"": ""grantscrape/0.1"", ""foundation"": ""Suomen valokuvataiteen museo"", ""recipient_raw"": ""Valokuvaaja Jalo Porkkalalle"", ""amount_raw"": ""5 000 euroa"", ""agent_confidence"": 0.8, ""rule_score"": 0.9, ""review_reasons"": [""recipient_name rewritten from source (porkkala not in 'Valokuvaaja Jalo Porkkalalle'): check spelling""], ""notes"": ""Name was inflected (\""Porkkalalle\"") and undone to nominative; title \""Valokuvaaja\"" dropped."", ""chunk_id"": ""012"", ""run_id"": ""valokuvataiteen-museo""}"
valokuvataiteen-museo,general,2014,Maria Gourieva ja Nadezha Stanulevich,group,Russian photographers in the Finnish state collections,tutkimukseen,3000,EUR,https://www.valokuvataiteenmuseo.fi/fi/museoinfo/apurahat-ja-palkinnot/tutkimusapurahat,valokuvatutkimus,0.8,False,,"{""source_quote"": ""Ph.D. Maria Gourievalle ja Ph.D. Nadezha Stanulevichille 3 000 euroa tutkimukseen *Russian photographers in the Finnish state collections*,"", ""extractor"": ""grantscrape/0.1"", ""foundation"": ""Suomen valokuvataiteen museo"", ""recipient_raw"": ""Ph.D. Maria Gourievalle ja Ph.D. Nadezha Stanulevichille"", ""amount_raw"": ""3 000 euroa"", ""agent_confidence"": 0.8, ""rule_score"": 0.9, ""review_reasons"": [""recipient_name rewritten from source (gourieva, stanulevich not in 'Ph.D. Maria Gourievalle ja Ph.D. Nadezha Stanulevichille'): check spelling""], ""notes"": ""Names were inflected (\""-lle\"" forms) and undone to nominative; titles \""Ph.D.\"" dropped."", ""chunk_id"": ""012"", ""run_id"": ""valokuvataiteen-museo""}"
valokuvataiteen-museo,general,2013,Harri Kalha,individual,,varhaista teollista valokuvaa käsittelevän tutkimuksen käynnistämiseen ja siihen liittyvän artikkelin  laatimiseen,2000,EUR,https://www.valokuvataiteenmuseo.fi/fi/museoinfo/apurahat-ja-palkinnot/tutkimusapurahat,valokuvatutkimus,0.8,False,,"{""source_quote"": ""FT Harri Kalhalle varhaista teollista valokuvaa käsittelevän tutkimuksen käynnistämiseen ja siihen liittyvän artikkelin  laatimiseen 2000 euroa"", ""extractor"": ""grantscrape/0.1"", ""foundation"": ""Suomen valokuvataiteen museo"", ""recipient_raw"": ""FT Harri Kalhalle"", ""amount_raw"": ""2000 euroa"", ""agent_confidence"": 0.8, ""rule_score"": 0.9, ""review_reasons"": [""recipient_name rewritten from source (kalha not in 'FT Harri Kalhalle'): check spelling""], ""notes"": ""Recipient name 'Harri Kalhalle' inflected in prose; converted to nominative 'Harri Kalha'."", ""chunk_id"": ""013"", ""run_id"": ""valokuvataiteen-museo""}"
valokuvataiteen-museo,general,2013,Jukka Kukkonen,individual,"Kuvatut, kadonneet ja löydetyt. Kokoava teosluettelo I.K.Inhan valokuvatuotannosta",tutkimushankkeeseen,4000,EUR,https://www.valokuvataiteenmuseo.fi/fi/museoinfo/apurahat-ja-palkinnot/tutkimusapurahat,valokuvatutkimus,0.8,False,,"{""source_quote"": ""TaM Jukka Kukkoselle  tutkimushankkeeseen *Kuvatut, kadonneet ja löydetyt. Kokoava teosluettelo I.K.Inhan valokuvatuotannosta* 4000 euroa"", ""extractor"": ""grantscrape/0.1"", ""foundation"": ""Suomen valokuvataiteen museo"", ""recipient_raw"": ""TaM Jukka Kukkoselle"", ""amount_raw"": ""4000 euroa"", ""agent_confidence"": 0.8, ""rule_score"": 0.9, ""review_reasons"": [""recipient_name rewritten from source (kukkonen not in 'TaM Jukka Kukkoselle'): check spelling""], ""notes"": ""Recipient name 'Jukka Kukkoselle' inflected in prose; converted to nominative 'Jukka Kukkonen'."", ""chunk_id"": ""013"", ""run_id"": ""valokuvataiteen-museo""}"
valokuvataiteen-museo,general,2013,Laura Nissinen,individual,Abstraktio suomalaisessa valokuvataiteessa,väitöstutkimukseen,2500,EUR,https://www.valokuvataiteenmuseo.fi/fi/museoinfo/apurahat-ja-palkinnot/tutkimusapurahat,valokuvatutkimus,0.8,False,,"{""source_quote"": ""TaM Laura Nissiselle väitöstutkimukseen *Abstraktio suomalaisessa valokuvataiteessa* 2500 euroa"", ""extractor"": ""grantscrape/0.1"", ""foundation"": ""Suomen valokuvataiteen museo"", ""recipient_raw"": ""TaM Laura Nissiselle"", ""amount_raw"": ""2500 euroa"", ""agent_confidence"": 0.8, ""rule_score"": 0.9, ""review_reasons"": [""recipient_name rewritten from source (nissinen not in 'TaM Laura Nissiselle'): check spelling""], ""notes"": ""Recipient name 'Laura Nissiselle' inflected in prose; converted to nominative 'Laura Nissinen'."", ""chunk_id"": ""013"", ""run_id"": ""valokuvataiteen-museo""}"
valokuvataiteen-museo,general,2012,Jenni Mäenpää,individual,Kuvajournalistinen työ digitaalisena aikana – lehtikuvan totuuskäsitykset uudelleenmäärittelyssä,väitöstutkimukseen,4000,EUR,https://www.valokuvataiteenmuseo.fi/fi/museoinfo/apurahat-ja-palkinnot/tutkimusapurahat,valokuvatutkimus,0.8,False,,"{""source_quote"": ""YTT Jenni Mäenpäälle myönnettiin 4000 euroa väitöstutkimukseen *Kuvajournalistinen työ digitaalisena aikana – lehtikuvan totuuskäsitykset uudelleenmäärittelyssä*."", ""extractor"": ""grantscrape/0.1"", ""foundation"": ""Suomen valokuvataiteen museo"", ""recipient_raw"": ""Jenni Mäenpäälle"", ""amount_raw"": ""4000 euroa"", ""agent_confidence"": 0.8, ""rule_score"": 0.9, ""review_reasons"": [""recipient_name rewritten from source (mäenpää not in 'Jenni Mäenpäälle'): check spelling""], ""notes"": ""Recipient name was inflected (Mäenpäälle) and converted to nominative form Mäenpää; academic title YTT dropped."", ""chunk_id"": ""014"", ""run_id"": ""valokuvataiteen-museo""}"
valokuvataiteen-museo,general,2012,Johanna Frigård,individual,Värivalokuvauksen historia Suomessa,tutkimushankkeen valmisteluun ja autochrome-kautta käsittelevän artikkelin kirjoittamiseen.,5500,EUR,https://www.valokuvataiteenmuseo.fi/fi/museoinfo/apurahat-ja-palkinnot/tutkimusapurahat,valokuvatutkimus,0.8,False,,"{""source_quote"": ""FT Johanna Frigårdille myönnettiin 5500 euroa*Värivalokuvauksen historia Suomessa* -tutkimushankkeen valmisteluun ja autochrome-kautta käsittelevän artikkelin kirjoittamiseen."", ""extractor"": ""grantscrape/0.1"", ""foundation"": ""Suomen valokuvataiteen museo"", ""recipient_raw"": ""Johanna Frigårdille"", ""amount_raw"": ""5500 euroa"", ""agent_confidence"": 0.8, ""rule_score"": 0.9, ""review_reasons"": [""recipient_name rewritten from source (frigård not in 'Johanna Frigårdille'): check spelling""], ""notes"": ""Recipient name was inflected (Frigårdille) and converted to nominative form Frigård; academic title FT dropped."", ""chunk_id"": ""014"", ""run_id"": ""valokuvataiteen-museo""}"
valokuvataiteen-museo,general,2011,Jane Vuorinen,individual,"Jälkikuvia – ajan tematiikka Ulla Jokisalon albumivalokuva- ja lankakirjailutöissä,",pro gradu -tutkielmaan,500,EUR,https://www.valokuvataiteenmuseo.fi/fi/museoinfo/apurahat-ja-palkinnot/tutkimusapurahat,valokuvatutkimus,0.85,False,,"{""source_quote"": ""Jane Vuorinen, pro gradu -tutkielmaan *Jälkikuvia – ajan tematiikka Ulla Jokisalon albumivalokuva- ja lankakirjailutöissä,*500 euroa"", ""extractor"": ""grantscrape/0.1"", ""foundation"": ""Suomen valokuvataiteen museo"", ""recipient_raw"": ""Jane Vuorinen"", ""amount_raw"": ""500 euroa"", ""agent_confidence"": 0.85, ""rule_score"": 1.0, ""notes"": ""Project title includes trailing comma from source italics formatting; kept as printed."", ""chunk_id"": ""015"", ""run_id"": ""valokuvataiteen-museo""}"
valokuvataiteen-museo,general,2011,Kari Ennola,individual,"Maisema ja aika – I.K. Inhan jalustan sijoilla,",artikkeliin,2000,EUR,https://www.valokuvataiteenmuseo.fi/fi/museoinfo/apurahat-ja-palkinnot/tutkimusapurahat,valokuvatutkimus,0.85,False,,"{""source_quote"": ""Kari Ennola, artikkeliin *Maisema ja aika – I.K. Inhan jalustan sijoilla,* 2000 euroa"", ""extractor"": ""grantscrape/0.1"", ""foundation"": ""Suomen valokuvataiteen museo"", ""recipient_raw"": ""Kari Ennola"", ""amount_raw"": ""2000 euroa"", ""agent_confidence"": 0.85, ""rule_score"": 1.0, ""notes"": ""Project title includes trailing comma from source italics formatting; kept as printed."", ""chunk_id"": ""015"", ""run_id"": ""valokuvataiteen-museo""}"
valokuvataiteen-museo,general,2011,Mari Rantala,individual,Ruumis objektina ja subjektina. Naisurheilijoiden valokuvat Suomen Urheilulehdessä 1945–1969,pro gradu –tutkielmaan,1500,EUR,https://www.valokuvataiteenmuseo.fi/fi/museoinfo/apurahat-ja-palkinnot/tutkimusapurahat,valokuvatutkimus,0.9,False,,"{""source_quote"": ""Mari Rantala,  pro gradu –tutkielmaan *Ruumis objektina ja subjektina. Naisurheilijoiden valokuvat Suomen Urheilulehdessä 1945–1969*, 1500 euroa"", ""extractor"": ""grantscrape/0.1"", ""foundation"": ""Suomen valokuvataiteen museo"", ""recipient_raw"": ""Mari Rantala"", ""amount_raw"": ""1500 euroa"", ""agent_confidence"": 0.9, ""rule_score"": 1.0, ""chunk_id"": ""015"", ""run_id"": ""valokuvataiteen-museo""}"
valokuvataiteen-museo,general,2011,Otso Kantokorpi,individual,Suomalainen Polaroidin käyttö,tutkimukseen,3500,EUR,https://www.valokuvataiteenmuseo.fi/fi/museoinfo/apurahat-ja-palkinnot/tutkimusapurahat,valokuvatutkimus,0.85,False,,"{""source_quote"": ""Otso Kantokorpi, tutkimukseen*Suomalainen Polaroidin käyttö,*3500 euroa"", ""extractor"": ""grantscrape/0.1"", ""foundation"": ""Suomen valokuvataiteen museo"", ""recipient_raw"": ""Otso Kantokorpi"", ""amount_raw"": ""3500 euroa"", ""agent_confidence"": 0.85, ""rule_score"": 1.0, ""notes"": ""Project title separated from purpose by run-together markdown italics markers; interpreted as best split."", ""chunk_id"": ""015"", ""run_id"": ""valokuvataiteen-museo""}"
karjalan-kulttuurirahasto,general,2024,Etelä-Karjalan arkeologian harrastajat J,organization,Seminaari Kuurmanpohjan 16 vuoden yhtäjaksoisista arkeologisista kaivauksista,,500,EUR,https://www.karjalankulttuurirahasto.fi/wp-content/uploads/2024/12/Myonnetyt-apurahat-2024.pdf#page=2,,0.6,True,"recipient name looks malformed in the source (ends in a lone letter, possibly cut off): check the page; agent confidence 0.60 below 0.70: Name appears truncated ('...harrastajat J'); unclear if 'J' is part of the full name lost in the source.","{""source_quote"": ""| 2024124 | Etelä-Karjalan arkeologian harrastajat J | Seminaari Kuurmanpohjan 16 vuoden yhtäjaksoisista arkeologisista kaivauksista | 500 € |"", ""extractor"": ""grantscrape/0.1"", ""foundation"": ""Karjalan Kulttuurirahasto"", ""recipient_raw"": ""Etelä-Karjalan arkeologian harrastajat J"", ""amount_raw"": ""500 €"", ""agent_confidence"": 0.6, ""rule_score"": 0.7, ""review_reasons"": [""recipient name looks malformed in the source (ends in a lone letter, possibly cut off): check the page"", ""agent confidence 0.60 below 0.70: Name appears truncated ('...harrastajat J'); unclear if 'J' is part of the full name lost in the source.""], ""notes"": ""Name appears truncated ('...harrastajat J'); unclear if 'J' is part of the full name lost in the source."", ""chunk_id"": ""001"", ""run_id"": ""karjalan-kulttuurirahasto""}"
